title,like_count,author_name,author_link,clean_link,dirty_link,normalized_count,correct_clean_link
æµ·æ´‹ä¸åªæ˜¯æ—¥æœ¬çš„,46,å°çº¢è–¯64B63AC4,/user/profile/64b4dfaa000000000b01490d?channel_type=web_search_result_notes&parent_page_channel_type=web_profile_board,/explore/6689fa1d000000001e01126f,/search_result/6689fa1d000000001e01126f?xsec_token=ABmIaLI5tKlcM_sAf3ihYpeTuXwID-KjevcEjibllv6CA=&xsec_source=pc_search,46,www.xiaohongshu.com/explore/6689fa1d000000001e01126f
æ—¥æœ¬è¿œè¿œä½ä¼°äº†ï¼Œæ ¸æ±¡æ°´æ’æ”¾å¸¦æ¥çš„è¿é”ååº”,97,é’é’å­è¡¿,/user/profile/5d96e9dc000000000101b289?channel_type=web_search_result_notes&parent_page_channel_type=web_profile_board,/explore/668984cc000000001f00507d,/search_result/668984cc000000001f00507d?xsec_token=ABmIaLI5tKlcM_sAf3ihYpeQF-IjpDjTf-HdO4RrogfRU=&xsec_source=pc_search,97,www.xiaohongshu.com/explore/668984cc000000001f00507d
æ ¸æ±¡æ°´è¿›å…¥å¤§æµ·ï¼Œä¼šå¸¦æ¥æ¯ç­æ€§çš„åæœã€‚,15,é’é’å­è¡¿,/user/profile/5d96e9dc000000000101b289?channel_type=web_search_result_notes&parent_page_channel_type=web_profile_board,/explore/66898003000000001c025f87,/search_result/66898003000000001c025f87?xsec_token=ABmIaLI5tKlcM_sAf3ihYpeQ0KxDKJBflRSrrRyFVQZ7k=&xsec_source=pc_search,15,www.xiaohongshu.com/explore/66898003000000001c025f87
æ—¥æœ¬æ ¸æ±¡æ°´æ’æµ·åï¼Œä¸–ç•Œéƒ½æ²‰é»˜äº†,11,å¤§å‘çŸ¥è¯†å…±äº«å±‹,/user/profile/6684fd6200000000030323ba?channel_type=web_search_result_notes&parent_page_channel_type=web_profile_board,/explore/66894127000000001e01050a,/search_result/66894127000000001e01050a?xsec_token=ABmIaLI5tKlcM_sAf3ihYpeeQc_UnmqcP9vBndRDDgQew=&xsec_source=pc_search,11,www.xiaohongshu.com/explore/66894127000000001e01050a
,578,è€å…­æˆ·å¤–æ¢é™©,/user/profile/667059b20000000003032b29?channel_type=web_search_result_notes&parent_page_channel_type=web_profile_board,/explore/66892f49000000001e0105c3,/search_result/66892f49000000001e0105c3?xsec_token=ABmIaLI5tKlcM_sAf3ihYpebdAA6BTgJPPZrWUD-tgjP8=&xsec_source=pc_search,578,www.xiaohongshu.com/explore/66892f49000000001e0105c3
ä¸åšæ²‰é»˜çœ‹å®¢ï¼Œè¿˜ä¸–ç•Œä¸€ä¸ªå¹²å‡€çš„æµ·æ´‹ï¼,24,é’é’å­è¡¿,/user/profile/5d96e9dc000000000101b289?channel_type=web_search_result_notes&parent_page_channel_type=web_profile_board,/explore/6688fca3000000001c027422,/search_result/6688fca3000000001c027422?xsec_token=ABxEFk8e265sD2KrpS7pjtvbLlsnv6jaaq91atCjih-h8=&xsec_source=pc_search,24,www.xiaohongshu.com/explore/6688fca3000000001c027422
,60,ç§‘ç›®ä¸€äºŒæ¬¡éƒ,/user/profile/61e9469c00000000100057c1?channel_type=web_search_result_notes&parent_page_channel_type=web_profile_board,/explore/6688d3f7000000001c0246ff,/search_result/6688d3f7000000001c0246ff?xsec_token=ABxEFk8e265sD2KrpS7pjtvThFPTz0z1QYwR52nEhrYTU=&xsec_source=pc_search,60,www.xiaohongshu.com/explore/6688d3f7000000001c0246ff
è‡ªä»æ’æ”¾æ ¸åºŸæ°´ï¼Œä¸€ç›´æ²¡æ¶ˆåœï¼Œåœ°éœ‡æµ·å•¸é¢‘é¢‘,59,é’é’å­è¡¿,/user/profile/5d96e9dc000000000101b289?channel_type=web_search_result_notes&parent_page_channel_type=web_profile_board,/explore/66887a68000000001e010eee,/search_result/66887a68000000001e010eee?xsec_token=ABxEFk8e265sD2KrpS7pjtvbQRUb9qxl917hYG8jqZyAY=&xsec_source=pc_search,59,www.xiaohongshu.com/explore/66887a68000000001e010eee
è‡ªä»æ’æ”¾æ ¸åºŸæ°´ï¼Œä¸€ç›´æ²¡æ¶ˆåœï¼Œåœ°éœ‡æµ·å•¸é¢‘å‘,385,é’é’å­è¡¿,/user/profile/5d96e9dc000000000101b289?channel_type=web_search_result_notes&parent_page_channel_type=web_profile_board,/explore/6687e10e000000001e0125d0,/search_result/6687e10e000000001e0125d0?xsec_token=ABMZGfhtCGOUdvYbnjEFNbPnjhGswrg3BYKWeleAgs_Uw=&xsec_source=pc_search,385,www.xiaohongshu.com/explore/6687e10e000000001e0125d0
æ—¥æœ¬æ ¸æ±¡æ°´æ’æµ·ç¬¬290å¤©,27,ç§‹,/user/profile/6060561b0000000001000c46?channel_type=web_search_result_notes&parent_page_channel_type=web_profile_board,/explore/6687c731000000001e011d42,/search_result/6687c731000000001e011d42?xsec_token=ABMZGfhtCGOUdvYbnjEFNbPpYkQEx47AtBLhIddfIs5CE=&xsec_source=pc_search,27,www.xiaohongshu.com/explore/6687c731000000001e011d42
æµ·æ´‹ã€é±¼å„¿ï¼šä½ ä»¬ä¸ºä»€ä¹ˆä¸é˜»æ­¢ä»–ï¼Ÿ,8,é’é’å­è¡¿,/user/profile/5d96e9dc000000000101b289?channel_type=web_search_result_notes&parent_page_channel_type=web_profile_board,/explore/66877c2b000000001e0120ea,/search_result/66877c2b000000001e0120ea?xsec_token=ABMZGfhtCGOUdvYbnjEFNbPmBGtimecXbY-eIDV6t0ATM=&xsec_source=pc_search,8,www.xiaohongshu.com/explore/66877c2b000000001e0120ea
é±¼å„¿ï¼šä½ ä»¬ä¸ºä»€ä¹ˆä¸é˜»æ­¢ä»–ï¼Ÿ,659,æ°´åšå£«,/user/profile/5f8288ff00000000010060bd?channel_type=web_search_result_notes&parent_page_channel_type=web_profile_board,/explore/668779c9000000001f00743f,/search_result/668779c9000000001f00743f?xsec_token=ABMZGfhtCGOUdvYbnjEFNbPhkFC6OkiR21JxepUuxp3Ds=&xsec_source=pc_search,659,www.xiaohongshu.com/explore/668779c9000000001f00743f
æ—¥æœ¬å¯åŠ¨ç¬¬ä¸ƒè½®æ ¸æ±¡æŸ“æ°´æ’æµ·ï¼Œé¢„è®¡7800å¨,131,é¹°çœ¼ç›´å‡»,/user/profile/611b8a97000000000101db6a?channel_type=web_search_result_notes&parent_page_channel_type=web_profile_board,/explore/668651a2000000001e013ff4,/search_result/668651a2000000001e013ff4?xsec_token=ABaZjYF0CbhtSwdkWv6NT474a2cyB_EdfuF1ay-uXPTf4=&xsec_source=pc_search,131,www.xiaohongshu.com/explore/668651a2000000001e013ff4
771å˜å¼‚é¾™è™¾,570,ç”ŸåŒ–å±æœºæ‰‹å·¥,/user/profile/664f14360000000007005453?channel_type=web_search_result_notes&parent_page_channel_type=web_profile_board,/explore/66852002000000001e01211f,/search_result/66852002000000001e01211f?xsec_token=ABLXbJVmiPxMWC-6rIPcXGTsPs8GspHJIOuQGZbkTvhuY=&xsec_source=pc_search,570,www.xiaohongshu.com/explore/66852002000000001e01211f
7æœˆ1æ—¥ä¸­å›½ä¸»è¦æ²¿æµ·åŸå¸‚è¾å°„å€¼æ£€æµ‹,131,å°æ¢…èŠ±,/user/profile/57463fec50c4b46d83fad7a7?channel_type=web_search_result_notes&parent_page_channel_type=web_profile_board,/explore/6683f7ce000000000d00d178,/search_result/6683f7ce000000000d00d178?xsec_token=ABcjxeBmUcKFA-WYT_6eWybUiqyi7pNIGvFYAKEL4v34M=&xsec_source=pc_search,131,www.xiaohongshu.com/explore/6683f7ce000000000d00d178
ç”Ÿå‘½è¯šå¯è´µï¼Œæ°´è´¨ç¬¬ä¸€ä½ï¼,173,é’é’å­è¡¿,/user/profile/5d96e9dc000000000101b289?channel_type=web_search_result_notes&parent_page_channel_type=web_profile_board,/explore/6683c5e0000000001f007c1e,/search_result/6683c5e0000000001f007c1e?xsec_token=ABcjxeBmUcKFA-WYT_6eWybc4k9b6-y_BR-Kdl7_pSGg8=&xsec_source=pc_search,173,www.xiaohongshu.com/explore/6683c5e0000000001f007c1e
æ—¥æœ¬æ ¸æ±¡æ°´ï¼,25,å½©å§çš„ç¬”è®°,/user/profile/607ed0c8000000000101e8ff?channel_type=web_search_result_notes&parent_page_channel_type=web_profile_board,/explore/6682b07e00000000030242bb,/search_result/6682b07e00000000030242bb?xsec_token=AB6FzMwr3dYk8bZjAQ1V9A-lRyWmTLgrKW9on4pqSsec4=&xsec_source=pc_search,25,www.xiaohongshu.com/explore/6682b07e00000000030242bb
æ—¥æœ¬ç¬¬ä¸ƒæ¬¡æ’æ”¾æ ¸åºŸæ°´ï¼Œç¢°åˆ°ç¡¬èŒ¬å­äº†ï¼,9559,è½©å®å¦ˆå¦ˆå¥½ç‰©åˆ†äº«,/user/profile/661bbd54000000000d026ada?channel_type=web_search_result_notes&parent_page_channel_type=web_profile_board,/explore/6681a0bc000000001c0277af,/search_result/6681a0bc000000001c0277af?xsec_token=ABcNhME_fYCzw7-PSJvUDUK0hR24J788jajj0uoMO_aRQ=&xsec_source=pc_search,9559,www.xiaohongshu.com/explore/6681a0bc000000001c0277af
12å¹´å‰å–ä¸‹ç¦å²›æ ¸åºŸæ°´çš„å®˜å‘˜ï¼Œç°åœ¨æ€ä¹ˆæ ·äº†,248,é’é’å­è¡¿,/user/profile/5d96e9dc000000000101b289?channel_type=web_search_result_notes&parent_page_channel_type=web_profile_board,/explore/66811fac000000001f00729c,/search_result/66811fac000000001f00729c?xsec_token=ABcNhME_fYCzw7-PSJvUDUK4tZfxG2VGn24KUK-Iu3tIY=&xsec_source=pc_search,248,www.xiaohongshu.com/explore/66811fac000000001f00729c
æ—¥æœ¬ä¸ƒæ¬¡æ’æ”¾æ ¸æ±¡æ°´çš„æ—¶é—´,104,å¤§å”æ•…äº‹é¦†,/user/profile/6608cb73000000000b00f77a?channel_type=web_search_result_notes&parent_page_channel_type=web_profile_board,/explore/66811641000000001c0219e9,/search_result/66811641000000001c0219e9?xsec_token=ABcNhME_fYCzw7-PSJvUDUK4K_NGPOL2mpf-m4bMM6_3Y=&xsec_source=pc_search,104,www.xiaohongshu.com/explore/66811641000000001c0219e9
æ ¸åºŸæ°´æ¥äº†ï¼Œæˆ‘ä»¬è¯¥å¦‚ä½•åšå‘¢ï¼Ÿ,6,é’é’å­è¡¿,/user/profile/5d96e9dc000000000101b289?channel_type=web_search_result_notes&parent_page_channel_type=web_profile_board,/explore/6680cf25000000001e012746,/search_result/6680cf25000000001e012746?xsec_token=ABsO-DnayMnGYrzhldigE3fpq6kQfpwnh-Udp50ERFShY=&xsec_source=pc_search,6,www.xiaohongshu.com/explore/6680cf25000000001e012746
æ ¸æ±¡æ°´æ’æ”¾åä¸€è¿ä¸²çš„è¿é”ååº”ï¼Œæ—¥æœ¬æ²‰é»˜äº†,6,æ°´åšå£«,/user/profile/5f8288ff00000000010060bd?channel_type=web_search_result_notes&parent_page_channel_type=web_profile_board,/explore/66800ba6000000001c025a6e,/search_result/66800ba6000000001c025a6e?xsec_token=ABsO-DnayMnGYrzhldigE3fqAslhtf_idEMjH0Hsm0IQM=&xsec_source=pc_search,6,www.xiaohongshu.com/explore/66800ba6000000001c025a6e
æ—¥æœ¬æ ¸æ±¡æ°´æ²¡æ’å®Œï¼ŒéŸ©å›½æ ¸ç”µç«™åˆæ³„æ¼äº†ã€‚,44,é’é’å­è¡¿,/user/profile/5d96e9dc000000000101b289?channel_type=web_search_result_notes&parent_page_channel_type=web_profile_board,/explore/667ef6b3000000001e013f72,/search_result/667ef6b3000000001e013f72?xsec_token=AB3T9-zjStUNyfcnxuHFuIs8NCAL6-ecNRvHRMIuX-8gQ=&xsec_source=pc_search,44,www.xiaohongshu.com/explore/667ef6b3000000001e013f72
,29,æ˜Ÿè¾°æ¸…é€¸,/user/profile/6582546200000000200376b5?channel_type=web_search_result_notes&parent_page_channel_type=web_profile_board,/explore/667ee180000000001e010b6c,/search_result/667ee180000000001e010b6c?xsec_token=AB3T9-zjStUNyfcnxuHFuIs1RVLsMdJNrFV7IzHRY0aK8=&xsec_source=pc_search,29,www.xiaohongshu.com/explore/667ee180000000001e010b6c
æ ¸æ±¡æ°´æ’æ”¾å¸¦æ¥çš„è¿é”ååº”ï¼Œæ—¥æœ¬çªç„¶æ²‰é»˜äº†,24,é’é’å­è¡¿,/user/profile/5d96e9dc000000000101b289?channel_type=web_search_result_notes&parent_page_channel_type=web_profile_board,/explore/667ec02b000000001e012926,/search_result/667ec02b000000001e012926?xsec_token=AB3T9-zjStUNyfcnxuHFuIs-QnAQZosMcaX6NXqTLfROo=&xsec_source=pc_search,24,www.xiaohongshu.com/explore/667ec02b000000001e012926
æ—¥æœ¬æ ¸æ±¡æ°´æ’æ”¾ï¼Œè¿œè¿œè¶…å‡ºå’±ä»¬çš„æƒ³è±¡ï¼ï¼,19,é’é’å­è¡¿,/user/profile/5d96e9dc000000000101b289?channel_type=web_search_result_notes&parent_page_channel_type=web_profile_board,/explore/667e231d000000001e0123f4,/search_result/667e231d000000001e0123f4?xsec_token=AB3T9-zjStUNyfcnxuHFuIs751EEAkzkhIekZqBD4MCWA=&xsec_source=pc_search,19,www.xiaohongshu.com/explore/667e231d000000001e0123f4
å…³äºæ ¸åºŸæ°´å€’æµ·ï¼Œè¿˜æœ‰ä¸€ä»¶æ›´å¯æ€•çš„äº‹,446,ç§‘æ™®ç ”ç©¶æ‰€,/user/profile/6107cbb40000000001000dbe?channel_type=web_search_result_notes&parent_page_channel_type=web_profile_board,/explore/65b8fc97000000002c03f2d3,/search_result/65b8fc97000000002c03f2d3?xsec_token=AB68DOJiFPjlGiYqL0eL7Fl6PsXIeqtDr1GjojX67WYuI=&xsec_source=pc_search,446,www.xiaohongshu.com/explore/65b8fc97000000002c03f2d3
æ—¥æœ¬æ ¸æ±¡æ°´æ’æµ·æœ€æ–°æ¶ˆæ¯ï¼,46,ä¹–ä¹–å°é±¼ğŸŸ,/user/profile/63dbb37a00000000260068c9?channel_type=web_search_result_notes&parent_page_channel_type=web_profile_board,/explore/65b8a8c5000000002d001104,/search_result/65b8a8c5000000002d001104?xsec_token=AB68DOJiFPjlGiYqL0eL7Fl3ECStAvM9L18phq-b5c4UA=&xsec_source=pc_search,46,www.xiaohongshu.com/explore/65b8a8c5000000002d001104
,1.7ä¸‡,ä¸»è§’.,/user/profile/62674cd10000000010008cd0?channel_type=web_search_result_notes&parent_page_channel_type=web_profile_board,/explore/65b728c9000000002c0293e6,/search_result/65b728c9000000002c0293e6?xsec_token=ABmH41ot4WWXXXnUYPB07aAmQT19WZE3hDN0Rom-1247M=&xsec_source=pc_search,10000,www.xiaohongshu.com/explore/65b728c9000000002c0293e6
æ—¥æœ¬æ’æ”¾æ ¸æ±¡æ°´çš„çƒ­åº¦å·²ç»è¿‡äº†å—ï¼Ÿ,1087,é»‘åŒ–ä¿®ç‹—,/user/profile/5fc72ab50000000001001d63?channel_type=web_search_result_notes&parent_page_channel_type=web_profile_board,/explore/65b623e4000000002c0362ad,/search_result/65b623e4000000002c0362ad?xsec_token=AB1ddzGkEjVWLrfraqfG2DsQky1Adx2sUnNeB6cqI_aNc=&xsec_source=pc_search,1087,www.xiaohongshu.com/explore/65b623e4000000002c0362ad
æ—¥æœ¬æ’æ ¸æ±¡æ°´åœ¨æ—¥æœ¬æ‰“å·¥çš„ä¸­å›½äººéƒ½æ€ä¹ˆçœ‹ï¼Ÿ,179,æœé…±çš„æ—¥æœ¬ç”Ÿæ´»,/user/profile/6574397e0000000020031b32?channel_type=web_search_result_notes&parent_page_channel_type=web_profile_board,/explore/65b37055000000002c013325,/search_result/65b37055000000002c013325?xsec_token=ABI-kTdb3B6FKZwidhFY-KWlSAM0kYfzMROdaKxVcOzOE=&xsec_source=pc_search,179,www.xiaohongshu.com/explore/65b37055000000002c013325
åˆ«æ‹…å¿ƒæ±¡æ°´ï¼ï¼ï¼,1100,èŠœæ€¨å¹½å¾’ï¼ˆæ•£å¨ï¼‰,/user/profile/63bbe2aa000000002702905d?channel_type=web_search_result_notes&parent_page_channel_type=web_profile_board,/explore/65abc84c000000002c03fc3f,/search_result/65abc84c000000002c03fc3f?xsec_token=ABWeheMs0YNK9CnYxN9JpE4y1VcPooafIVu3pJBpl0Sds=&xsec_source=pc_search,1100,www.xiaohongshu.com/explore/65abc84c000000002c03fc3f
æˆ‘å»äº†æ ¸æ±¡æ°´æ’æ”¾åœ°,189,Potato,/user/profile/5b3825674eacab5f6983235f?channel_type=web_search_result_notes&parent_page_channel_type=web_profile_board,/explore/65ab6cbc000000002c000777,/search_result/65ab6cbc000000002c000777?xsec_token=ABWeheMs0YNK9CnYxN9JpE4w9rYJl78Hy-xWaxfYdbXvo=&xsec_source=pc_search,189,www.xiaohongshu.com/explore/65ab6cbc000000002c000777
vocalâ€¦æ˜¯çœŸæ¶ˆæ¯â€¦å¤§å®¶ç†æ™ºåƒç“œå§â€¦,816,ä¼¶å‘µå‘µ,/user/profile/5fc75fa20000000001001d10?channel_type=web_search_result_notes&parent_page_channel_type=web_profile_board,/explore/65a79120000000002a014b8b,/search_result/65a79120000000002a014b8b?xsec_token=ABxodVh9LvI0u30rS1O0N7wyddBkUoKMTkvWogBH_ETi4=&xsec_source=pc_search,816,www.xiaohongshu.com/explore/65a79120000000002a014b8b
ä»Šå¤©æ˜¯æ—¥æœ¬æ’æ±¡ç¬¬100å¤©ğŸ’€çœŸçš„é»˜è®¸äº†å—ï¼Ÿ,91,èºå“¥æµ©æµ©,/user/profile/646af55700000000250370a1?channel_type=web_search_result_notes&parent_page_channel_type=web_profile_board,/explore/65942bd0000000001d03369b,/search_result/65942bd0000000001d03369b?xsec_token=ABLsKQ7wJmZ4bey9r1mrDguCvFiHtScIDg3tP02AJV8s8=&xsec_source=pc_search,91,www.xiaohongshu.com/explore/65942bd0000000001d03369b
æ—¥æœ¬æ’æ”¾æ ¸åºŸæ°´çš„çœŸç›¸ç»ˆäºæ‰¾åˆ°äº†,1848,å•†ä¸šæ€ç»´,/user/profile/5a27e9a6e8ac2b5a88e56d90?channel_type=web_search_result_notes&parent_page_channel_type=web_profile_board,/explore/6591508e0000000012003006,/search_result/6591508e0000000012003006?xsec_token=AB_L53DXeIc-8wtQg6vmY-xLOUTlOG5ZMDuY6r0O5aXXQ=&xsec_source=pc_search,1848,www.xiaohongshu.com/explore/6591508e0000000012003006
æ ¸æ±¡æŸ“æœ‰å¤šå¯æ€•ãŠ™ï¸æ—¥æœ¬ç”·å­83å¤©å˜åŒ–æƒŠäººâ—,1345,39å¥åº·ç½‘,/user/profile/60ed3ef70000000001017cbd?channel_type=web_search_result_notes&parent_page_channel_type=web_profile_board,/explore/658bbf77000000001102fa5a,/search_result/658bbf77000000001102fa5a?xsec_token=ABCE-84QWZsUmwyTpGo4qrAwh3Xmoj86dLsxatHrdIEhU=&xsec_source=pc_search,1345,www.xiaohongshu.com/explore/658bbf77000000001102fa5a
å½“æˆ‘åˆ·åˆ°è‹±å›½æ ¸æ³„æ¼,50,ç±³å¸ƒç±³å®,/user/profile/624256f20000000021021489?channel_type=web_search_result_notes&parent_page_channel_type=web_profile_board,/explore/658c1c89000000001d033878,/search_result/658c1c89000000001d033878?xsec_token=ABggF4RnCPw0oUxDZNR1SCUuIXWw1_Fwu5wCDXCEMC8cE=&xsec_source=pc_search,50,www.xiaohongshu.com/explore/658c1c89000000001d033878
æŒ‘æˆ˜100åªæ ¸æ±¡æŸ“ç”Ÿç‰© NO.22,1000,é‡çŒªæ‰‹ä½œå§¬ï¼ˆä½œå“å·ï¼‰,/user/profile/62de02b5000000001501fa85?channel_type=web_search_result_notes&parent_page_channel_type=web_profile_board,/explore/6570b4280000000038032ea9,/search_result/6570b4280000000038032ea9?xsec_token=ABn80w2kKOP0uIRbekBRtp8YqZhdn2P1MsEF7Fp3uBp_Q=&xsec_source=pc_search,1000,www.xiaohongshu.com/explore/6570b4280000000038032ea9
é“å­ä»¬ï¼Œæ—¥æœ¬çš„æ ¸æ±¡æ°´å±å®³æœ‰å¤šå¤§âš ï¸,2ä¸‡,é˜¿å¸ˆå‚…Asaad,/user/profile/6385abcd000000001f015dfb?channel_type=web_search_result_notes&parent_page_channel_type=web_profile_board,/explore/6582801c000000003a00a638,/search_result/6582801c000000003a00a638?xsec_token=ABlOjfhtOsurf3ppaFGH-yiar2JwwsDbTJF1EfMqtScv8=&xsec_source=pc_search,20000,www.xiaohongshu.com/explore/6582801c000000003a00a638
å¥½æ¶å¿ƒâ€¦ä¸æ˜¯ä¸‰å¤©ï¼Œè€Œæ˜¯æ•´æ•´ä¸‰åå¹´å•Šï¼ï¼,380,å°é±¼å¹²,/user/profile/60433b8e000000000101cb2a?channel_type=web_search_result_notes&parent_page_channel_type=web_profile_board,/explore/657c10d000000000070387f7,/search_result/657c10d000000000070387f7?xsec_token=ABJfeUM_LGxzHfpxh50K3Nmu4FaRShpTzbZkgW-4ufHzQ=&xsec_source=pc_search,380,www.xiaohongshu.com/explore/657c10d000000000070387f7
æˆ‘ä¼šåšæŒå‘ç”Ÿ~å£° #æ—¥æœ¬ #æ—¥æœ¬æ ¸åºŸæ°´,3223,æœ±å“¥æ±½è½¦ç”¨å“,/user/profile/649fa59b000000001c028b65?channel_type=web_search_result_notes&parent_page_channel_type=web_profile_board,/explore/657a672600000000090185bc,/search_result/657a672600000000090185bc?xsec_token=ABB8-pnYyusnFmL9U1IjScHAYzJArvRh_p2uZWnR7BCiM=&xsec_source=pc_search,3223,www.xiaohongshu.com/explore/657a672600000000090185bc
æ—¥æœ¬æ’æ”¾æ ¸æ±¡æ°´ğŸ˜¡ğŸ˜¡ğŸ˜¡ğŸ˜¡ğŸ˜¡ğŸ˜¡,814,å°‘å¯»æµ·SucrÃ©,/user/profile/64cce787000000002b00a93a?channel_type=web_search_result_notes&parent_page_channel_type=web_profile_board,/explore/65758ccd000000000901b225,/search_result/65758ccd000000000901b225?xsec_token=ABDZgbB_KQjs40LniARFr6KEveCcwZYAjrn6qns6791-8=&xsec_source=pc_search,814,www.xiaohongshu.com/explore/65758ccd000000000901b225
æ—¥æœ¬ç¬¬ä¸‰è½®æ ¸æ±¡æ°´æ’æ”¾ç»“æŸ,18,äººé—´æ¸…é†’è¥é”€å·,/user/profile/64cb577f000000000e025fd9?channel_type=web_search_result_notes&parent_page_channel_type=web_profile_board,/explore/657036d6000000000503b130,/search_result/657036d6000000000503b130?xsec_token=ABn80w2kKOP0uIRbekBRtp8eb_JosA0NvSriYwP9p5788=&xsec_source=pc_search,18,www.xiaohongshu.com/explore/657036d6000000000503b130
å¦‚æœä½ å–æ‰æ ¸åºŸæ°´ä¼šæ€ä¹ˆæ ·ï¼Ÿï¼Ÿï¼Ÿ,2696,å¦‚æ­¤ä¸€èˆ¬,/user/profile/5dd014a10000000001009a77?channel_type=web_search_result_notes&parent_page_channel_type=web_profile_board,/explore/656b0aa50000000039032cf6,/search_result/656b0aa50000000039032cf6?xsec_token=ABHNJ-RkjMQFcCCpQs29d7SvD9TeY5--eqHL6MCzom_14=&xsec_source=pc_search,2696,www.xiaohongshu.com/explore/656b0aa50000000039032cf6
AIGCï½œå½“æ ¸åºŸæ°´ä¾µèš€æˆ‘ä»¬çš„ä¸–ç•Œ,370,ç‹‚é‡ç”·å­©.,/user/profile/5f75d2440000000001004654?channel_type=web_search_result_notes&parent_page_channel_type=web_profile_board,/explore/6554879f0000000032031c21,/search_result/6554879f0000000032031c21?xsec_token=ABML7s0HLas6pzl26iFGIOnEa970E6513mum7AEU7YrWs=&xsec_source=pc_search,370,www.xiaohongshu.com/explore/6554879f0000000032031c21
æ—¥æœ¬æ ¸æ±¡æŸ“æµ·é²œè¿˜èƒ½åƒå—,596,å€ªä¸œ-å¥åº·ç”Ÿæ´»æ ç›®,/user/profile/65ef2c1a000000000500fb19?channel_type=web_search_result_notes&parent_page_channel_type=web_profile_board,/explore/6676baab000000001c02874e,/search_result/6676baab000000001c02874e?xsec_token=ABEnMRPV-lcYPYgL8qAB8MKtj0AMHwN6_L-pQuoZkc5qk=&xsec_source=pc_search,596,www.xiaohongshu.com/explore/6676baab000000001c02874e
éŸ©å›½ä¸€æ ¸ç”µç«™2.3å¨å‚¨å­˜æ°´æ³„æ¼å…¥æµ·,815,æ›¾ç»æœ‰åªå°ç™½å…”,/user/profile/56e007ea4775a73d36566274?channel_type=web_search_result_notes&parent_page_channel_type=web_profile_board,/explore/6676b464000000001f0040ce,/search_result/6676b464000000001f0040ce?xsec_token=ABEnMRPV-lcYPYgL8qAB8MKklDs-S8CrcuJKy8rF7dKsY=&xsec_source=pc_search,815,www.xiaohongshu.com/explore/6676b464000000001f0040ce
æ‹’ç»éº»æœ¨ï¼ä¸åšèººå¹³äººï¼,950,éƒ½æ˜¯æµ®äº‘,/user/profile/640a82f5000000001f03333e?channel_type=web_search_result_notes&parent_page_channel_type=web_profile_board,/explore/6676af6c000000001c028d05,/search_result/6676af6c000000001c028d05?xsec_token=ABEnMRPV-lcYPYgL8qAB8MKm67MY8xvBT8hFqN3FuFuQY=&xsec_source=pc_search,950,www.xiaohongshu.com/explore/6676af6c000000001c028d05
è¢«æ—¥æœ¬æ’æ”¾æ ¸æ±¡æ°´å˜å¼‚ç”Ÿç‰©,12,æ¸…æŸ’,/user/profile/65d9981800000000050303a4?channel_type=web_search_result_notes&parent_page_channel_type=web_profile_board,/explore/66765556000000001f00577c,/search_result/66765556000000001f00577c?xsec_token=ABEnMRPV-lcYPYgL8qAB8MKk2P7wO-pIzKlZGl7W8xWXQ=&xsec_source=pc_search,12,www.xiaohongshu.com/explore/66765556000000001f00577c
æ—¥æœ¬å·²å®Œç¬¬å…­è½®æ ¸æ±¡æ°´æ’æµ·ï¼,39,é©¬å§,/user/profile/657d05eb000000003d02ba86?channel_type=web_search_result_notes&parent_page_channel_type=web_profile_board,/explore/6674f7b6000000001c0235f5,/search_result/6674f7b6000000001c0235f5?xsec_token=ABAnNYK494n2C9IaIh97BVHfi2OrAjrnoWht1rMi3eExw=&xsec_source=pc_search,39,www.xiaohongshu.com/explore/6674f7b6000000001c0235f5
æ—¥æœ¬æ ¸æ±¡æŸ“æ°´240å¤©å½±å“æˆ‘å›½æµ·åŸŸçš„è®ºæ–‡å›¢é˜Ÿ,99,é‡ç”Ÿå²›æµ·å‚-è€åˆ˜,/user/profile/662f5f6300000000070046c4?channel_type=web_search_result_notes&parent_page_channel_type=web_profile_board,/explore/6674c913000000001e0122cb,/search_result/6674c913000000001e0122cb?xsec_token=ABAnNYK494n2C9IaIh97BVHbX8RdeUR4k7gG141MoWmdQ=&xsec_source=pc_search,99,www.xiaohongshu.com/explore/6674c913000000001e0122cb
æ ¸æ±¡æ°´å¯¼è‡´æ—¥æœ¬äººéƒ½å˜å¼‚äº†ï¼Ÿ,5,å—é€šäººç‰©å¢©å„¿,/user/profile/5c73f447000000001100eb72?channel_type=web_search_result_notes&parent_page_channel_type=web_profile_board,/explore/66727983000000001c02838f,/search_result/66727983000000001c02838f?xsec_token=AB24uRkQRvWzosa_7xg52gGcZI02HsJavw11AHXbUepeo=&xsec_source=pc_search,5,www.xiaohongshu.com/explore/66727983000000001c02838f
ä¸ºä»€ä¹ˆæ—¥æœ¬ä¸æŠŠæ ¸åºŸæ°´å€’è¿›å¯Œå£«å±±é‡Œé¢,10,ç¦æ­¢åºŸè¯,/user/profile/666be62d00000000030326bb?channel_type=web_search_result_notes&parent_page_channel_type=web_profile_board,/explore/667245dd000000000d00db7f,/search_result/667245dd000000000d00db7f?xsec_token=AB24uRkQRvWzosa_7xg52gGdQOGPZZ6CE6Nmcc9UxctCg=&xsec_source=pc_search,10,www.xiaohongshu.com/explore/667245dd000000000d00db7f
,190,å°èƒ¡åŒå­¦,/user/profile/6255430d000000001000abe9?channel_type=web_search_result_notes&parent_page_channel_type=web_profile_board,/explore/66720e5c000000001c023d32,/search_result/66720e5c000000001c023d32?xsec_token=AB24uRkQRvWzosa_7xg52gGcdqzOuSifk5GrrFk6vVjlQ=&xsec_source=pc_search,190,www.xiaohongshu.com/explore/66720e5c000000001c023d32
æ—¥æœ¬æ ¸æ±¡æ°´è¿›å…¥ä¸­å›½47å¤©äº† çœŸçš„è¦å¤§å˜å¤©äº†,439,å‘å“¥è¯´ç”Ÿæ„,/user/profile/662781640000000003032d72?channel_type=web_search_result_notes&parent_page_channel_type=web_profile_board,/explore/6671475c00000000060067ce,/search_result/6671475c00000000060067ce?xsec_token=AB9Pj61HD14U1jzrqd8fShFgDZo-0jwYD09rhzHKOhanU=&xsec_source=pc_search,439,www.xiaohongshu.com/explore/6671475c00000000060067ce
è¿™éš¾é“å°±æ˜¯ä¸ä¹…çš„å°†æ¥ï¼Œ,32,å°èƒ¡åŒå­¦,/user/profile/6255430d000000001000abe9?channel_type=web_search_result_notes&parent_page_channel_type=web_profile_board,/explore/666ea1b2000000001c02982a,/search_result/666ea1b2000000001c02982a?xsec_token=ABlGfcYIFlmkoZht81UBWpF9sOYX_eUQIiqwgor5n_Txw=&xsec_source=pc_search,32,www.xiaohongshu.com/explore/666ea1b2000000001c02982a
,24,äº‘æ€æŒ½é£,/user/profile/6645f4ce000000000d024053?channel_type=web_search_result_notes&parent_page_channel_type=web_profile_board,/explore/666d2c70000000000e032d14,/search_result/666d2c70000000000e032d14?xsec_token=ABhyfSo8AZnbLmm_jZMUfnDxu5Txp9ubuDezxumFmvI9w=&xsec_source=pc_search,24,www.xiaohongshu.com/explore/666d2c70000000000e032d14
æˆ‘ä»¬æ€ä¹ˆåŠï¼ï¼ï¼,16,å°èƒ¡åŒå­¦,/user/profile/6255430d000000001000abe9?channel_type=web_search_result_notes&parent_page_channel_type=web_profile_board,/explore/6669bfa5000000001d01b098,/search_result/6669bfa5000000001d01b098?xsec_token=ABAjzH-gQOopOhKG5-_hHy2uU1xuXo7a3n8_PRwqV181w=&xsec_source=pc_search,16,www.xiaohongshu.com/explore/6669bfa5000000001d01b098
æ ¸åºŸæ°´æ¡åƒåœ¾ä¸ºç”Ÿï¼,712,MJ_å†›å¸ˆ,/user/profile/621f597b0000000010008394?channel_type=web_search_result_notes&parent_page_channel_type=web_profile_board,/explore/666962ed000000000d00f4b6,/search_result/666962ed000000000d00f4b6?xsec_token=ABAjzH-gQOopOhKG5-_hHy2mJtFJxx6G4gb5O3jYuRxB8=&xsec_source=pc_search,712,www.xiaohongshu.com/explore/666962ed000000000d00f4b6
æ—¥æœ¬æ’æ”¾æ ¸æ±¡æ°´å·²ç»æ²¡æœ‰æµé‡äº†,108,å°å°èŠŠ,/user/profile/609008610000000001002672?channel_type=web_search_result_notes&parent_page_channel_type=web_profile_board,/explore/66659e6d000000001303cd86,/search_result/66659e6d000000001303cd86?xsec_token=ABRzmWTWqHMmTsXIUDkEgO76qvevFPEM8qLFJ1QiIfDwY=&xsec_source=pc_search,108,www.xiaohongshu.com/explore/66659e6d000000001303cd86
æ—¥æœ¬ç¬¬äº”æ¬¡æ ¸æ±¡æ°´æ‹æµ·ï¼Œå·²å…±è®¡æ’æ”¾7800å¨ï¼,80,æ¬£å§çˆ±ç”Ÿæ´»,/user/profile/5e663d550000000001006d4e?channel_type=web_search_result_notes&parent_page_channel_type=web_profile_board,/explore/66656803000000000d00dc74,/search_result/66656803000000000d00dc74?xsec_token=ABRzmWTWqHMmTsXIUDkEgO72ccpQCkcCaRWcSjmYMq1PU=&xsec_source=pc_search,80,www.xiaohongshu.com/explore/66656803000000000d00dc74
,12,åŒ—æé“¶ç‹,/user/profile/63c948d6000000002600557e?channel_type=web_search_result_notes&parent_page_channel_type=web_profile_board,/explore/666551e4000000000e030cdd,/search_result/666551e4000000000e030cdd?xsec_token=ABRzmWTWqHMmTsXIUDkEgO7-2SWFnHLGkUEZwyMcHiaRI=&xsec_source=pc_search,12,www.xiaohongshu.com/explore/666551e4000000000e030cdd
æ—¥æœ¬äººå›½å†…ä¹Ÿåå¯¹æ’æ”¾æ ¸åºŸæ°´,10,å¦®å¯å°å§å§çš„åèŠ±å›­,/user/profile/5cc23ca50000000017034598?channel_type=web_search_result_notes&parent_page_channel_type=web_profile_board,/explore/66645a45000000000f00c7ee,/search_result/66645a45000000000f00c7ee?xsec_token=ABRRYiVfzBlph4x4dxg8cl5FzGLELE6GNcSbzcKUzExQQ=&xsec_source=pc_search,10,www.xiaohongshu.com/explore/66645a45000000000f00c7ee
,89,èŠ„è½©ğŸ’¦,/user/profile/65f42261000000000b031d22?channel_type=web_search_result_notes&parent_page_channel_type=web_profile_board,/explore/66642aad0000000006007954,/search_result/66642aad0000000006007954?xsec_token=ABRRYiVfzBlph4x4dxg8cl5NbQDZVrq_Zf0kRFjgNtOsI=&xsec_source=pc_search,89,www.xiaohongshu.com/explore/66642aad0000000006007954
æ— æ‰€è°“ï¼Œæˆ‘ä¼šä¸€ç›´å‘æ ¸æ±¡æ°´,5.5ä¸‡,åŒ—åŒ—,/user/profile/64c135b1000000002b0087ce?channel_type=web_search_result_notes&parent_page_channel_type=web_profile_board,/explore/66610669000000000d00fb7f,/search_result/66610669000000000d00fb7f?xsec_token=ABpae9OSqzUTZN-aDc0-vwO6DNqbOSIThggIjGINTEw1E=&xsec_source=pc_search,50000,www.xiaohongshu.com/explore/66610669000000000d00fb7f
,43,ç¾å°‘å¥³æé€µ,/user/profile/5f784372000000000101ced3?channel_type=web_search_result_notes&parent_page_channel_type=web_profile_board,/explore/666379f600000000150116ca,/search_result/666379f600000000150116ca?xsec_token=ABKpHSuDOxaaFDhrLhM4ad4qKGzklbULwdHzg_3HqEZug=&xsec_source=pc_search,43,www.xiaohongshu.com/explore/666379f600000000150116ca
æƒ å·æµ·æ°´æ ¸è¾å°„å‰‚é‡æœ‰å˜åŒ–äº†ï¼Ÿ,817,ä½æƒ å·æµ·è¾¹çš„å¤§å”,/user/profile/64ca0833000000000e024310?channel_type=web_search_result_notes&parent_page_channel_type=web_profile_board,/explore/666130060000000006006b88,/search_result/666130060000000006006b88?xsec_token=ABpae9OSqzUTZN-aDc0-vwO3_fddrdIBmeKqDZ97i7jwM=&xsec_source=pc_search,817,www.xiaohongshu.com/explore/666130060000000006006b88
æ—¥æœ¬ç¬¬å…­æ¬¡æ ¸æ±¡æ°´æ’æ”¾ç»“æŸäº†â€¦,305,å­Ÿå¤§é±¼,/user/profile/5dfdb1860000000001009fd2?channel_type=web_search_result_notes&parent_page_channel_type=web_profile_board,/explore/6660385c000000000d00e2b6,/search_result/6660385c000000000d00e2b6?xsec_token=AB9x7iPCDcnSSeMr2bfo37VoT8-2c6ooOcYff-MpAOnQ0=&xsec_source=pc_search,305,www.xiaohongshu.com/explore/6660385c000000000d00e2b6
å®¶äººä»¬çœŸçš„å¾ˆææ€–çš„ï¼Œå¥½å§ã€‚,25,Camellia.,/user/profile/6231451e00000000100041dd?channel_type=web_search_result_notes&parent_page_channel_type=web_profile_board,/explore/665dca5e000000001500bd89,/search_result/665dca5e000000001500bd89?xsec_token=ABaP-ZaShisAS-jDQkcAzmppQYFGKZECHSogbnBsmQiLc=&xsec_source=pc_search,25,www.xiaohongshu.com/explore/665dca5e000000001500bd89
ä¸€å¹´äº†ï¼Œæ—¥æœ¬æ ¸æ±¡æ°´æ’æµ·å·²ç»æ²¡äººåœ¨æ„äº†å—ï¼Ÿ,867,ä¹Œå®‰å¨ƒ,/user/profile/5be191641090780001ced768?channel_type=web_search_result_notes&parent_page_channel_type=web_profile_board,/explore/665daeb8000000001501087f,/search_result/665daeb8000000001501087f?xsec_token=ABaP-ZaShisAS-jDQkcAzmptlc3SJRuyeRP--MDEplYuM=&xsec_source=pc_search,867,www.xiaohongshu.com/explore/665daeb8000000001501087f
æŠµåˆ¶æ—¥æœ¬æ’æ”¾æ ¸åºŸæ°´ï¼,12,ä¸“æ³¨çš„sunshine,/user/profile/62b5213f000000001b002fb1?channel_type=web_search_result_notes&parent_page_channel_type=web_profile_board,/explore/665c83f80000000014018f92,/search_result/665c83f80000000014018f92?xsec_token=ABMTq8YEy4wgy3eQqGQdxX6-0N7RBbyw2RfeCdj4mcHaU=&xsec_source=pc_search,12,www.xiaohongshu.com/explore/665c83f80000000014018f92
å’±ä»¬æ³¨æ„äº†ï¼Œæ—¥æœ¬æ ¸åºŸæ°´çœŸçš„ç¦»æˆ‘ä»¬ä¸è¿œ,71,å·´æ‹‰å·´æ‹‰ï¼ˆå°å·ï¼‰,/user/profile/644e01c600000000100268c8?channel_type=web_search_result_notes&parent_page_channel_type=web_profile_board,/explore/665c6fac000000001303fd33,/search_result/665c6fac000000001303fd33?xsec_token=ABMTq8YEy4wgy3eQqGQdxX68yreiLVaSezjKqVAiUKuY8=&xsec_source=pc_search,71,www.xiaohongshu.com/explore/665c6fac000000001303fd33
ä¸è¦åšæ²‰é»˜çœ‹å®¢ï¼Œè¿˜ä¸–ç•Œä¸€ä¸ªå¹²å‡€çš„æµ·æ´‹ï¼,68,é’é’å­è¡¿,/user/profile/5d96e9dc000000000101b289?channel_type=web_search_result_notes&parent_page_channel_type=web_profile_board,/explore/668fa00e0000000025017d6f,/search_result/668fa00e0000000025017d6f?xsec_token=ABMPGXUkeROv_X-r4OkuNldmGUfcmmS-mM3FeN_QnGcn4=&xsec_source=pc_search,68,www.xiaohongshu.com/explore/668fa00e0000000025017d6f
,5,+,/user/profile/66056c85000000000600e096?channel_type=web_search_result_notes&parent_page_channel_type=web_profile_board,/explore/668f907f000000000d00c06e,/search_result/668f907f000000000d00c06e?xsec_token=ABMPGXUkeROv_X-r4OkuNldr8rU4KbzXiQwc60fhmkMGw=&xsec_source=pc_search,5,www.xiaohongshu.com/explore/668f907f000000000d00c06e
æ— æ‰€è°“ï¼Œæˆ‘ä¼šä¸€ç›´å‘æ ¸æ±¡æ°´,3.6ä¸‡,åŒ—åŒ—,/user/profile/64c135b1000000002b0087ce?channel_type=web_search_result_notes&parent_page_channel_type=web_profile_board,/explore/6687507b000000001c025b65,/search_result/6687507b000000001c025b65?xsec_token=ABMZGfhtCGOUdvYbnjEFNbPl4DcFblLEqIorPyjJvASjU=&xsec_source=pc_search,30000,www.xiaohongshu.com/explore/6687507b000000001c025b65
,25,çˆ±åƒå¤§ç±³é¥­,/user/profile/58e203f282ec392fb9ee8ff4?channel_type=web_search_result_notes&parent_page_channel_type=web_profile_board,/explore/668e012b00000000250039e7,/search_result/668e012b00000000250039e7?xsec_token=ABrVDIwahY4dGdd9dHIH3mlYSo4DbJh5441kSv6guiEa0=&xsec_source=pc_search,25,www.xiaohongshu.com/explore/668e012b00000000250039e7
ä¸åšæ²‰é»˜çœ‹å®¢ï¼Œè¿˜ä¸–ç•Œä¸€ä¸ªå¹²å‡€çš„æµ·æ´‹ï¼,179,é’é’å­è¡¿,/user/profile/5d96e9dc000000000101b289?channel_type=web_search_result_notes&parent_page_channel_type=web_profile_board,/explore/668cd7c20000000025016251,/search_result/668cd7c20000000025016251?xsec_token=ABCBK6y9T3vXR-Aljtc7I32ZJBKXc2cerlMmHzZ7vZ41I=&xsec_source=pc_search,179,www.xiaohongshu.com/explore/668cd7c20000000025016251
æ’æ”¾æ ¸æ±¡æ°´,17,å‡¯å‡¯å­¦é•¿,/user/profile/642fa3a2000000001002ad80?channel_type=web_search_result_notes&parent_page_channel_type=web_profile_board,/explore/668c84d20000000025001919,/search_result/668c84d20000000025001919?xsec_token=ABCBK6y9T3vXR-Aljtc7I32Y2ry9vwarxF0HNE0T1w4ic=&xsec_source=pc_search,17,www.xiaohongshu.com/explore/668c84d20000000025001919
å“ªé‡Œæ¥çš„å°æ—¥å­ğŸ˜…,33,å¼ ç¥ğŸŒ¾,/user/profile/5ee74d630000000001007508?channel_type=web_search_result_notes&parent_page_channel_type=web_profile_board,/explore/668bf6ac000000000a026e2d,/search_result/668bf6ac000000000a026e2d?xsec_token=ABPS_-fm1nYb0QgeRM7NKnStEObkzCex6MVQIC_xNWWrQ=&xsec_source=pc_search,33,www.xiaohongshu.com/explore/668bf6ac000000000a026e2d
æ ¸æ±¡æ°´æ­£åœ¨æŒç»­æ’æ”¾ã€‚,23,é’é’å­è¡¿,/user/profile/5d96e9dc000000000101b289?channel_type=web_search_result_notes&parent_page_channel_type=web_profile_board,/explore/668be59e0000000025002f1f,/search_result/668be59e0000000025002f1f?xsec_token=ABPS_-fm1nYb0QgeRM7NKnSiAE6im19fzHDZW33gw50d8=&xsec_source=pc_search,23,www.xiaohongshu.com/explore/668be59e0000000025002f1f
å…³äºæ ¸æ±¡æ°´æ’æ”¾çš„çƒ­åº¦å´è¶Šæ¥è¶Šä½ï¼,18,é’é’å­è¡¿,/user/profile/5d96e9dc000000000101b289?channel_type=web_search_result_notes&parent_page_channel_type=web_profile_board,/explore/668b6f840000000025004e04,/search_result/668b6f840000000025004e04?xsec_token=ABPS_-fm1nYb0QgeRM7NKnSvtQqj7Fz9_3P_A7aD-zJ_c=&xsec_source=pc_search,18,www.xiaohongshu.com/explore/668b6f840000000025004e04
å°æ—¥å­åˆå‘æ ¸åºŸæ°´äº†æ€ä¹ˆåŠ,21,BiuBiuå¨ƒå­,/user/profile/6558220c000000000403b6b8?channel_type=web_search_result_notes&parent_page_channel_type=web_profile_board,/explore/668a9786000000000d00e211,/search_result/668a9786000000000d00e211?xsec_token=ABdiq6LvboR2kNgsoGTSzvARyvK2c4vb9S2srhST3CyxM=&xsec_source=pc_search,21,www.xiaohongshu.com/explore/668a9786000000000d00e211
å½“æˆ‘ä»¬åœ¨å…³æ³¨æ ¸åºŸæ°´äº‹ä»¶æ—¶ï¼Œ,3,UæŸšå­,/user/profile/5aff84f3e8ac2b071c35e3dd?channel_type=web_search_result_notes&parent_page_channel_type=web_profile_board,/explore/668a5bfc0000000003027830,/search_result/668a5bfc0000000003027830?xsec_token=ABdiq6LvboR2kNgsoGTSzvATY14nT_2Au7T2KyWePygQ4=&xsec_source=pc_search,3,www.xiaohongshu.com/explore/668a5bfc0000000003027830
çº¯å‡€çš„æµ·æ´‹ä¸€å»ä¸å¤è¿”äº†,983,å°èƒ¡åŒå­¦,/user/profile/6255430d000000001000abe9?channel_type=web_search_result_notes&parent_page_channel_type=web_profile_board,/explore/668a3246000000000a0260c8,/search_result/668a3246000000000a0260c8?xsec_token=ABdiq6LvboR2kNgsoGTSzvATO_b0HTczo-mQ2Ai99gVCA=&xsec_source=pc_search,983,www.xiaohongshu.com/explore/668a3246000000000a0260c8
ä¸åšæ²‰é»˜çœ‹å®¢ï¼Œè¿˜ä¸–ç•Œä¸€ä¸ªå¹²å‡€çš„æµ·æ´‹ï¼,270,é’é’å­è¡¿,/user/profile/5d96e9dc000000000101b289?channel_type=web_search_result_notes&parent_page_channel_type=web_profile_board,/explore/668a1681000000001e013b93,/search_result/668a1681000000001e013b93?xsec_token=ABdiq6LvboR2kNgsoGTSzvARS3vY5isvtuZ4UmXJtJJ_c=&xsec_source=pc_search,270,www.xiaohongshu.com/explore/668a1681000000001e013b93
é¦™æ¸¯æ”¿åºœæ£€æµ‹â€œæ ¸åºŸæ°´â€çš„æ­£ç¡®æ–¹æ³•,5,åˆƒå¿ƒ,/user/profile/64e17db5000000000100ee08?channel_type=web_search_result_notes&parent_page_channel_type=web_profile_board,/explore/669a37fa0000000025007649,/search_result/669a37fa0000000025007649?xsec_token=ABsUcF-6v7f4UmbOfgCNaAuhrKepdXx8X_cxiOcZ0BA6Q=&xsec_source=pc_search,5,www.xiaohongshu.com/explore/669a37fa0000000025007649
æ—¥æœ¬æ ¸æ±¡æ°´,2,å°çº¢è–¯6211C4AA,/user/profile/621051ff0000000021022b68?channel_type=web_search_result_notes&parent_page_channel_type=web_profile_board,/explore/669a24a9000000000a02605c,/search_result/669a24a9000000000a02605c?xsec_token=ABsUcF-6v7f4UmbOfgCNaAuq5vTZa8S1LnHishvZnyQIo=&xsec_source=pc_search,2,www.xiaohongshu.com/explore/669a24a9000000000a02605c
"æé™æ ¸åºŸæ°´ç”Ÿå­˜,æ¯5ç§’ä¸Šå‡ä¸€æ ¼èƒ½å¦å¹¸å­˜ä¸‹å»",3840,.å¥¶æ²¹ğŸ,/user/profile/66972a960000000003031a63?channel_type=web_search_result_notes&parent_page_channel_type=web_profile_board,/explore/669a097e0000000025014bb0,/search_result/669a097e0000000025014bb0?xsec_token=ABsUcF-6v7f4UmbOfgCNaAurleqMy_G-2P4_-L00kSETY=&xsec_source=pc_search,3840,www.xiaohongshu.com/explore/669a097e0000000025014bb0
æ ¸æ±¡æ°´æ’æµ·,602,é“¶é“ƒ.,/user/profile/63e8914b00000000260135db?channel_type=web_search_result_notes&parent_page_channel_type=web_profile_board,/explore/6699018a0000000025001254,/search_result/6699018a0000000025001254?xsec_token=ABfrJ8JduoWzGIFyZvbGtPr2Ds8hZpUwdUJLNVu3HGqAE=&xsec_source=pc_search,602,www.xiaohongshu.com/explore/6699018a0000000025001254
å¿«è½¬ï¼Œè®©æ›´å¤šäººçœ‹åˆ°,13,æ˜Ÿæ˜Ÿ,/user/profile/666d68fb0000000003030cff?channel_type=web_search_result_notes&parent_page_channel_type=web_profile_board,/explore/6698f0820000000025007a07,/search_result/6698f0820000000025007a07?xsec_token=AB4zZNS4aSVOBMVgmKXFbc8sWh4Y1oJFpSLcsxHsaw-nA=&xsec_source=pc_search,13,www.xiaohongshu.com/explore/6698f0820000000025007a07
,178,ä¸ºç¢§çªç—´ç‹‚ï¼ï¼ˆçˆ±å‹¾å‹¾ï¼‰,/user/profile/63a19e510000000026004bbc?channel_type=web_search_result_notes&parent_page_channel_type=web_profile_board,/explore/6698e04d000000000a025349,/search_result/6698e04d000000000a025349?xsec_token=AB4zZNS4aSVOBMVgmKXFbc8tQMa40xhrakFN4pceapnJY=&xsec_source=pc_search,178,www.xiaohongshu.com/explore/6698e04d000000000a025349
å…³æ³¨ç¦å²›æ ¸æ±¡æ°´ï¼Œäº†è§£7æœˆ17æ—¥å›½å†…ç©ºæ°”è¾å°„,51,å°çº¢å­¦å‰ç«¯,/user/profile/604095520000000001004cf6?channel_type=web_search_result_notes&parent_page_channel_type=web_profile_board,/explore/669881570000000025005cad,/search_result/669881570000000025005cad?xsec_token=AB4zZNS4aSVOBMVgmKXFbc8jYPHJTXIfBj29dlO7QCgvI=&xsec_source=pc_search,51,www.xiaohongshu.com/explore/669881570000000025005cad
å…³äºæ—¥æœ¬æ’æ”¾æ ¸æ±¡æ°´,16,åƒé¸¡è›‹ä¸åƒé»„,/user/profile/62e24375000000001e01fcca?channel_type=web_search_result_notes&parent_page_channel_type=web_profile_board,/explore/6697ac68000000000a007755,/search_result/6697ac68000000000a007755?xsec_token=ABVpCO6IOExt2HgV3TChkFkXdJuQSCc86SWiXYJerb468=&xsec_source=pc_search,16,www.xiaohongshu.com/explore/6697ac68000000000a007755
ä½ çŸ¥é“äººå¦‚æœé•¿æœŸå–æ ¸æ±¡æ°´ï¼Œä¼šå‘ç”Ÿä»€ä¹ˆå˜›ï¼,45,G102é¦¨é¦¨æœˆ,/user/profile/666691960000000007006427?channel_type=web_search_result_notes&parent_page_channel_type=web_profile_board,/explore/66973a2d0000000025006478,/search_result/66973a2d0000000025006478?xsec_token=ABVpCO6IOExt2HgV3TChkFkQeEMkjxAw80Qxz9PrpytnE=&xsec_source=pc_search,45,www.xiaohongshu.com/explore/66973a2d0000000025006478
è®¸å¤šäººéƒ½ä¸çŸ¥é“ï¼Œä¸ƒæœˆå¤§å˜å¤©ï¼Œæ¯”ç–«æƒ…æ›´å¯æ€•,41,åº”è€å¸ˆèŠå•†ä¸š,/user/profile/65f1508700000000050090ab?channel_type=web_search_result_notes&parent_page_channel_type=web_profile_board,/explore/669238420000000025004032,/search_result/669238420000000025004032?xsec_token=ABWhcfQbZDxMyRTRgGi6NSQq_eArj820cFYVz5hSBU1RY=&xsec_source=pc_search,41,www.xiaohongshu.com/explore/669238420000000025004032
ç¬¬ä¸ƒè½®æ ¸æ±¡æ°´æ’æ”¾å®Œæ¯• æˆ‘ä»¬çš„å¤§æµ·æ€ä¹ˆæ ·äº†,1216,æµ·ä¹‹å°½,/user/profile/6200f9c70000000021025870?channel_type=web_search_result_notes&parent_page_channel_type=web_profile_board,/explore/6697217300000000250161a8,/search_result/6697217300000000250161a8?xsec_token=ABVpCO6IOExt2HgV3TChkFkUyDRlJPgRGS8G04SIDXHkg=&xsec_source=pc_search,1216,www.xiaohongshu.com/explore/6697217300000000250161a8
å°‘å¬èˆ†è®ºï¼Œæ ¸åºŸæ°´äº‹æ’æ”¾åªç”¨å‡ å¥è¯å°±èƒ½è§£é‡Š,9,å°çº¢è–¯65FD63CD,/user/profile/65fc2745000000000b032130?channel_type=web_search_result_notes&parent_page_channel_type=web_profile_board,/explore/6695c448000000000a004fc3,/search_result/6695c448000000000a004fc3?xsec_token=ABjoAjM6No0-CZeSFc73Cp2xl94FxsV5jo0Ph3yMJsEH4=&xsec_source=pc_search,9,www.xiaohongshu.com/explore/6695c448000000000a004fc3
æœ‹å‹ä»¬æ³¨æ„å•¦ï¼,6,ç”œå¦¹ê³µì£¼,/user/profile/631be48f000000002303c545?channel_type=web_search_result_notes&parent_page_channel_type=web_profile_board,/explore/6695bd74000000000a02727e,/search_result/6695bd74000000000a02727e?xsec_token=ABjoAjM6No0-CZeSFc73Cp22tq0a_A7-o2sKh-2qOGT2U=&xsec_source=pc_search,6,www.xiaohongshu.com/explore/6695bd74000000000a02727e
å¶é‡è€äººä»¬åœ¨è¡—å¤´åå¯¹æ—¥æœ¬æ”¿åºœæ’æ”¾æ ¸åºŸæ°´,2,ç”²é±¼,/user/profile/5f3885840000000001003688?channel_type=web_search_result_notes&parent_page_channel_type=web_profile_board,/explore/6694f49b00000000250048f6,/search_result/6694f49b00000000250048f6?xsec_token=ABG6qeHXpZ1oAHqRb7eEX3nl-QCKTGNdzoH541Oxk4FpA=&xsec_source=pc_search,2,www.xiaohongshu.com/explore/6694f49b00000000250048f6
ä¸è¦åšæ²‰é»˜çœ‹å®¢ï¼Œè¿˜ä¸–ç•Œä¸€ä¸ªå¹²å‡€çš„æµ·æ´‹ï¼,34,é’é’å­è¡¿,/user/profile/5d96e9dc000000000101b289?channel_type=web_search_result_notes&parent_page_channel_type=web_profile_board,/explore/669465580000000025000ec0,/search_result/669465580000000025000ec0?xsec_token=ABG6qeHXpZ1oAHqRb7eEX3ngTeCW6ux2X-RE6IowdVFfA=&xsec_source=pc_search,34,www.xiaohongshu.com/explore/669465580000000025000ec0
å…³äºæ—¥æœ¬æ’æ”¾æ ¸åºŸæ°´è¿™ä»¶äº‹,57,æ³°å‹’æ–¯çš„å°è‰è“-Ophelia,/user/profile/62e7855b000000001902c40b?channel_type=web_search_result_notes&parent_page_channel_type=web_profile_board,/explore/66939e0a0000000005007883,/search_result/66939e0a0000000005007883?xsec_token=AB3IorSl6bba-3g8ZqzKyxRWI-s18Qdm_KTTDq-Ff7Uns=&xsec_source=pc_search,57,www.xiaohongshu.com/explore/66939e0a0000000005007883
å°æ—¥å­åˆæ’æ ¸åºŸæ°´äº†ğŸ˜¡,7,halca,/user/profile/645f85da000000001002bf76?channel_type=web_search_result_notes&parent_page_channel_type=web_profile_board,/explore/66938340000000002500421f,/search_result/66938340000000002500421f?xsec_token=AB3IorSl6bba-3g8ZqzKyxRb5whv4GDa4mUA3YtP-eAI8=&xsec_source=pc_search,7,www.xiaohongshu.com/explore/66938340000000002500421f
æ‰“ä¸ªç”µè¯â€¦,7,Lu,/user/profile/63afb7bc000000002702869a?channel_type=web_search_result_notes&parent_page_channel_type=web_profile_board,/explore/669334aa00000000250012e1,/search_result/669334aa00000000250012e1?xsec_token=AB3IorSl6bba-3g8ZqzKyxRfOqwnJf6vG0PdfIeb8WTz8=&xsec_source=pc_search,7,www.xiaohongshu.com/explore/669334aa00000000250012e1
,2,6ï¼ˆæš—åŒºçªå›´ï¼‰,/user/profile/63a4007f0000000026007a58?channel_type=web_search_result_notes&parent_page_channel_type=web_profile_board,/explore/6691da160000000025000238,/search_result/6691da160000000025000238?xsec_token=AB84VYRhwTTSO1Rd4Pkpqhc6E7B1Y1xSzWHaqfjL3Jt9s=&xsec_source=pc_search,2,www.xiaohongshu.com/explore/6691da160000000025000238
æ ¸æ±¡æ°´åº”å¯¹å†³ç­–ï¼Œé€Ÿçœ‹ï¼ï¼ï¼,22,å‡ºå£ä¸«ä¸«,/user/profile/5f294db9000000000101e5f3?channel_type=web_search_result_notes&parent_page_channel_type=web_profile_board,/explore/6690ad000000000025015e61,/search_result/6690ad000000000025015e61?xsec_token=AB61EDMbGyQ0XmNtAbCnDGxhEscipGFzewEkWApXOYWyw=&xsec_source=pc_search,22,www.xiaohongshu.com/explore/6690ad000000000025015e61
æ—¥æœ¬æ’æ”¾æ ¸åºŸæ°´,12,é»›ç‰,/user/profile/6412ddea0000000011023dd8?channel_type=web_search_result_notes&parent_page_channel_type=web_profile_board,/explore/66907e70000000000a027794,/search_result/66907e70000000000a027794?xsec_token=AB61EDMbGyQ0XmNtAbCnDGxjtwJejQ64pcllKzr6cn4bc=&xsec_source=pc_search,12,www.xiaohongshu.com/explore/66907e70000000000a027794
,15,çˆ±åƒè¥¿ç“œçš„å·…å³°,/user/profile/6452dd6300000000120340fe?channel_type=web_search_result_notes&parent_page_channel_type=web_profile_board,/explore/66907bb400000000250176c7,/search_result/66907bb400000000250176c7?xsec_token=AB61EDMbGyQ0XmNtAbCnDGxmNtuq2pQ9XOeSomciHOudY=&xsec_source=pc_search,15,www.xiaohongshu.com/explore/66907bb400000000250176c7
7æœˆ1æ—¥ï¼Œéƒ½ç¡«ç£ºå²›é™„è¿‘æµ·åŸŸå‘ç”Ÿåœ°éœ‡ã€‚,34,Oliver Baby,/user/profile/63416a28000000000a0257dd?channel_type=web_search_result_notes&parent_page_channel_type=web_profile_board,/explore/66905ea60000000025017c37,/search_result/66905ea60000000025017c37?xsec_token=AB61EDMbGyQ0XmNtAbCnDGxrwoLOW6q1akv5yD8NHUDfY=&xsec_source=pc_search,34,www.xiaohongshu.com/explore/66905ea60000000025017c37
æŠµåˆ¶æ—¥æœ¬åº”è¯¥æ˜¯æ¯ä¸€ä¸ªä¸­å›½äººçš„å‡ºå‚è®¾ç½®,378,ç‹¬çˆ±ä¸­å›½çº¢,/user/profile/5b7f8d71b9245800012e4f17?channel_type=web_search_result_notes&parent_page_channel_type=web_profile_board,/explore/663f42a7000000001e0307cf,/search_result/663f42a7000000001e0307cf?xsec_token=ABUn86YCfnu8RVjV7GYgyy4VLCCGmbwlHcYpkjPzsHJ9M=&xsec_source=pc_search,378,www.xiaohongshu.com/explore/663f42a7000000001e0307cf
æ¯”ç–«æƒ…å¯æ€•ï¼Œæ—¥æœ¬æ ¸æ±¡æ°´å…¨é¢å…¥ä¾µæˆ‘å›½æµ·åŸŸ,95,è€åº”è¯´å¤–è´¸,/user/profile/5fe6ee03000000000101cd24?channel_type=web_search_result_notes&parent_page_channel_type=web_profile_board,/explore/663f3ff2000000001e03047f,/search_result/663f3ff2000000001e03047f?xsec_token=ABUn86YCfnu8RVjV7GYgyy4cJkcffAnxVnXclHLjbrEdE=&xsec_source=pc_search,95,www.xiaohongshu.com/explore/663f3ff2000000001e03047f
ğŸ†˜æ ¸æ±¡æ°´ä¿MæŒ‡å—ï¼æ´»ç€å°±èƒ½ç”¨åˆ°ï¼,924,è¢«è¿«å…¨èƒ½å»–ä¸»ä»»,/user/profile/5f62c23c0000000001001653?channel_type=web_search_result_notes&parent_page_channel_type=web_profile_board,/explore/663f1cb6000000001e030a6a,/search_result/663f1cb6000000001e030a6a?xsec_token=ABUn86YCfnu8RVjV7GYgyy4clcFgQNNQ3zFO5LQpupxEM=&xsec_source=pc_search,924,www.xiaohongshu.com/explore/663f1cb6000000001e030a6a
ä»Šå¤©æµ‹ä¸€ä¸‹ æ²¡é—®é¢˜å§ï¼Ÿ,26,é’Ÿå¯åº·ç¨‹,/user/profile/6402b7250000000029016676?channel_type=web_search_result_notes&parent_page_channel_type=web_profile_board,/explore/663b76a5000000001e034129,/search_result/663b76a5000000001e034129?xsec_token=ABBtFFGtapfJmcvBIIHV1DvL82ZjHPrFtIuh0yzN2EfRs=&xsec_source=pc_search,26,www.xiaohongshu.com/explore/663b76a5000000001e034129
çœŸçš„.....æ¥äº†ä¹ˆï¼Ÿ,124,é›¨,/user/profile/5b91f61220fa59000147d7be?channel_type=web_search_result_notes&parent_page_channel_type=web_profile_board,/explore/6638c346000000001e0302d4,/search_result/6638c346000000001e0302d4?xsec_token=ABQLxYaeiyHYMGNNbt_KEF4crUpXOdi_0xQvhyT3kHka4=&xsec_source=pc_search,124,www.xiaohongshu.com/explore/6638c346000000001e0302d4
å–æ ¸æ±¡æ°´ä¹‹å‰vså–æ ¸æ±¡æ°´å,43,~å°å›°åŒ…~loveğŸ’¤,/user/profile/64ea097000000000010079c4?channel_type=web_search_result_notes&parent_page_channel_type=web_profile_board,/explore/6638ab9b000000001e0279a9,/search_result/6638ab9b000000001e0279a9?xsec_token=ABQLxYaeiyHYMGNNbt_KEF4TMYtPZannX5nnzCZIrq4Js=&xsec_source=pc_search,43,www.xiaohongshu.com/explore/6638ab9b000000001e0279a9
,76,ä½ çš„è†æœˆ.,/user/profile/63dfadc70000000026006150?channel_type=web_search_result_notes&parent_page_channel_type=web_profile_board,/explore/6635d61d000000001e03b599,/search_result/6635d61d000000001e03b599?xsec_token=ABhf1jkvb-dkebCXH_552Byj1LWAoq10JUBFT9qmI-eXI=&xsec_source=pc_search,76,www.xiaohongshu.com/explore/6635d61d000000001e03b599
æ–°åŠ å¡æ—¥æœ¬æ°´äº§è¿˜èƒ½åƒå—ğŸ¤·,3,ä»Šæ˜åå¤©ä¸èµ·åºŠ,/user/profile/5b4b17e24eacab468b572c50?channel_type=web_search_result_notes&parent_page_channel_type=web_profile_board,/explore/66356dcc000000001e039772,/search_result/66356dcc000000001e039772?xsec_token=ABhf1jkvb-dkebCXH_552ByueHF20OFFCjRqSMXPOmC6U=&xsec_source=pc_search,3,www.xiaohongshu.com/explore/66356dcc000000001e039772
æ’æµ·æ ¸æ±¡æ°´æœ‰æ²¡æœ‰ä¾µå®³æˆ‘ä»¬çš„ç”Ÿæ´»ï¼Ÿ,5,å¢©å¢©å°åŒ—,/user/profile/5ee53c2500000000010052a7?channel_type=web_search_result_notes&parent_page_channel_type=web_profile_board,/explore/66343a93000000001e033e7f,/search_result/66343a93000000001e033e7f?xsec_token=AB_kFAbVOzWwYWMDTeP-IUdgMpplkcoFyNNLIJ_3E1_ns=&xsec_source=pc_search,5,www.xiaohongshu.com/explore/66343a93000000001e033e7f
æ›¾ç»æ»¡ä¸–ç•Œè·‘é,74,SÂ°Jä¸€ç›´ä¸€ç›´ä¼š^,/user/profile/58e3b34250c4b45de3f85600?channel_type=web_search_result_notes&parent_page_channel_type=web_profile_board,/explore/66338bb8000000001e033372,/search_result/66338bb8000000001e033372?xsec_token=ABgNYrCntNuPjvZWCxTSFkO93B72SRA6O0F_2Djkqr90M=&xsec_source=pc_search,74,www.xiaohongshu.com/explore/66338bb8000000001e033372
æµ™æ±Ÿå®æ³¢æµ·è¾¹äº”ä¸€è¾å°„å€¼æ›´æ–°,1203,ç”¬æ¢,/user/profile/625b86a90000000010006ea5?channel_type=web_search_result_notes&parent_page_channel_type=web_profile_board,/explore/6631a439000000001e0362aa,/search_result/6631a439000000001e0362aa?xsec_token=AB3gxYsn6-Z4Jwrf6dOXzChFmXHSQ600r2ndZpssFB_Sk=&xsec_source=pc_search,1203,www.xiaohongshu.com/explore/6631a439000000001e0362aa
æ—¥æœ¬æ ¸åºŸæ°´ï¼Œæ—¥æ–™è¿˜æ•¢åƒå—ï¼Ÿ,12,ç½—å‡¯å¤©,/user/profile/61c16a48000000000201c1df?channel_type=web_search_result_notes&parent_page_channel_type=web_profile_board,/explore/662f77d4000000001e01c6ef,/search_result/662f77d4000000001e01c6ef?xsec_token=ABUD4yxtmRvIMK2t9aSa_9pUSUdM1BSUxpu0c9KlsSNBo=&xsec_source=pc_search,12,www.xiaohongshu.com/explore/662f77d4000000001e01c6ef
æµ·æ°´è¾å°„æŒç»­æ›´æ–°,2616,åœ¨è·¯ä¸Š,/user/profile/5fcb723a0000000001009487?channel_type=web_search_result_notes&parent_page_channel_type=web_profile_board,/explore/662ee356000000001c00441f,/search_result/662ee356000000001c00441f?xsec_token=AB-I7JAwbfksuVNkno-qnVl5fKZw2vKh6OA1p_tEVRkjM=&xsec_source=pc_search,2616,www.xiaohongshu.com/explore/662ee356000000001c00441f
4æœˆ28æ—¥ä¸­æ—¥éŸ©ä¸‰å›½å„è¾å°„ç›‘æµ‹ç‚¹æ•°æ®,135,è†³æ°§,/user/profile/5d2fdaaf0000000016020e23?channel_type=web_search_result_notes&parent_page_channel_type=web_profile_board,/explore/662e3a1e000000000d032d86,/search_result/662e3a1e000000000d032d86?xsec_token=AB-I7JAwbfksuVNkno-qnVl03SxyiEIXyoQakZNhz0L9Y=&xsec_source=pc_search,135,www.xiaohongshu.com/explore/662e3a1e000000000d032d86
,4.6ä¸‡,åœ¨è·¯ä¸Š,/user/profile/5fcb723a0000000001009487?channel_type=web_search_result_notes&parent_page_channel_type=web_profile_board,/explore/662d8a80000000000d03007b,/search_result/662d8a80000000000d03007b?xsec_token=ABosqRb4FAhaSVnzQxwbKC5X3hkeZ4Q2pgNT5Lfw8Ol8g=&xsec_source=pc_search,40000,www.xiaohongshu.com/explore/662d8a80000000000d03007b
æ ¸æ±¡æ°´åˆ°è¾¾ç¬¬1å¤©ï¼Œé£Ÿå ‚åˆé¤æ‰“äº†è™¾éƒ½ä¸æ•¢åƒ,45,å°æ¢…èŠ±,/user/profile/57463fec50c4b46d83fad7a7?channel_type=web_search_result_notes&parent_page_channel_type=web_profile_board,/explore/662b3521000000001c00577d,/search_result/662b3521000000001c00577d?xsec_token=AB1FhZKo6ZBQdL6GSMuc3GwNY0NHNW83N3fSEg1FMZVtY=&xsec_source=pc_search,45,www.xiaohongshu.com/explore/662b3521000000001c00577d
æ‰‹èµ·åˆ€è½ åƒæ˜¯åœ°ç‹±æ¥çš„å± å¤«ã€‚,1.3ä¸‡,ç‰§ç‰§é…±ç´«,/user/profile/64195de90000000012013d51?channel_type=web_search_result_notes&parent_page_channel_type=web_profile_board,/explore/662a3d260000000001030304,/search_result/662a3d260000000001030304?xsec_token=ABpFNz5sWJ-zDTBGhW1x5vEZM5yZh2cU-brBFvq29bGew=&xsec_source=pc_search,10000,www.xiaohongshu.com/explore/662a3d260000000001030304
æˆ‘Kï¼çœŸå¸Œæœ›è¿™æ˜¯ä¸€åœºæ¢¦ï¼,761,å¥¶çˆ¸é»„é»„é»„,/user/profile/5c19dfb1000000000702fc52?channel_type=web_search_result_notes&parent_page_channel_type=web_profile_board,/explore/66289719000000001c005d06,/search_result/66289719000000001c005d06?xsec_token=ABBovKbCkyC9P3PI4qNKRdS-5hOhzr6EIURlPLiWGmveE=&xsec_source=pc_search,761,www.xiaohongshu.com/explore/66289719000000001c005d06
å»æµ·è¾¹æµ‹ä¸€ä¸‹æ ¸è¾å°„,183,Joseph Chen,/user/profile/6076cd26000000000101f7a1?channel_type=web_search_result_notes&parent_page_channel_type=web_profile_board,/explore/6627cdca000000000401a196,/search_result/6627cdca000000000401a196?xsec_token=ABwQpV9V5P2J7LXfCPN630h237Gg3qrwmiElX8acp7V1o=&xsec_source=pc_search,183,www.xiaohongshu.com/explore/6627cdca000000000401a196
åŸæ¥å¦‚æ­¤ï¼Œæš‚æœè§£æ”¾æ ¸æ±¡æ°´çš„çœŸç›¸æ‰¾åˆ°äº†,54,å½©å§çš„ç¬”è®°,/user/profile/607ed0c8000000000101e8ff?channel_type=web_search_result_notes&parent_page_channel_type=web_profile_board,/explore/6626250b000000001c008900,/search_result/6626250b000000001c008900?xsec_token=ABzKEnlHiGjDAQfiQFHZmpK4PuNqziSisBJHnmErRY2j8=&xsec_source=pc_search,54,www.xiaohongshu.com/explore/6626250b000000001c008900
â€œå¤§æµ·åœ¨å“­æ³£ï¼Œä¸–ç•Œåœ¨æ‚²é¸£â€,139,æ²å±¿ï½#æ˜ å—,/user/profile/63da437500000000260124dc?channel_type=web_search_result_notes&parent_page_channel_type=web_profile_board,/explore/6625160000000000040183bf,/search_result/6625160000000000040183bf?xsec_token=AB9dAWcPax2qKD_X-gNUhyko4trWoeSdkN42wKMjoEeso=&xsec_source=pc_search,139,www.xiaohongshu.com/explore/6625160000000000040183bf
å‡†å¤‡å¥½äº†å—ï¼ æ—¥æœ¬æ ¸æ±¡æ°´4æœˆ20å·æŠµè¾¾ï¼ï¼ï¼,102,å¤§ç‹,/user/profile/64b1e9e9000000002a034315?channel_type=web_search_result_notes&parent_page_channel_type=web_profile_board,/explore/66238ec4000000000401b275,/search_result/66238ec4000000000401b275?xsec_token=ABPzIf9VEzjH-8FlzckUvuRvYr_QF0bsIDDJdEKoiBtCs=&xsec_source=pc_search,102,www.xiaohongshu.com/explore/66238ec4000000000401b275
æ ¸æ±¡æŸ“æ°´æŠµè¾¾ä¸Šæµ·åï¼Œè¿˜å¯ä»¥å»å“ªé‡Œçœ‹æµ·ï¼Ÿ,74,å…­å¤§æ´‹,/user/profile/64a07a9b000000000a021c79?channel_type=web_search_result_notes&parent_page_channel_type=web_profile_board,/explore/66226a6b000000001c00a187,/search_result/66226a6b000000001c00a187?xsec_token=ABofCjB9e6WBcr_R083FF-T-x1277Zqy4CCtpN1_catRw=&xsec_source=pc_search,74,www.xiaohongshu.com/explore/66226a6b000000001c00a187
äººä»¬å·²ç»å¼€å§‹æ·¡å¿˜æ—¥æœ¬æ’æ ¸æ±¡æ°´è¿™ä»¶äº‹æƒ…â€¼ï¸,70,è´¤å¦ˆæ‡‚å¥³äºº,/user/profile/6235a57e0000000010007c55?channel_type=web_search_result_notes&parent_page_channel_type=web_profile_board,/explore/662261da000000000302164c,/search_result/662261da000000000302164c?xsec_token=ABofCjB9e6WBcr_R083FF-T6NdoDxx3lnkQ5qkAZjun4M=&xsec_source=pc_search,70,www.xiaohongshu.com/explore/662261da000000000302164c
,213,æ˜Ÿè¾°æ¸…é€¸,/user/profile/6582546200000000200376b5?channel_type=web_search_result_notes&parent_page_channel_type=web_profile_board,/explore/661d2e4a000000001a017ff6,/search_result/661d2e4a000000001a017ff6?xsec_token=ABCRV-nCbi8g2k9x3wRfm_zFPOXexXmvMmms7fgksH8uo=&xsec_source=pc_search,213,www.xiaohongshu.com/explore/661d2e4a000000001a017ff6
åƒäº†æ ¸åºŸæ°´æ±¡æŸ“åçš„é±¼ï¼Œä¼šæ€ä¹ˆæ ·ï¼ŸAIå‘Šè¯‰ä½ ,105,AIçœ¼ä¸­äºº,/user/profile/65f81fce000000000d026f35?channel_type=web_search_result_notes&parent_page_channel_type=web_profile_board,/explore/6617d7420000000004019f30,/search_result/6617d7420000000004019f30?xsec_token=ABrnOxvl9clfcXBnIkFB7t7w6gEggQ49CWnkXuNHD4LIU=&xsec_source=pc_search,105,www.xiaohongshu.com/explore/6617d7420000000004019f30
æ²¡æœ‰æ—¶é—´äº†ï¼Œæ ¸åºŸæ°´4æœˆä¸­æ—¬å°±åˆ°ä¸­å›½äº†,1008,æŸ æª¬-å¼ äº‘é›·-äºŒå¥¶å¥¶,/user/profile/61ea6c7100000000210258b1?channel_type=web_search_result_notes&parent_page_channel_type=web_profile_board,/explore/6610b333000000001b00b17b,/search_result/6610b333000000001b00b17b?xsec_token=ABCGWnXHno7PxJU5KZ7CfRJHGcnddvAxlqeL6Q1X1ShNE=&xsec_source=pc_search,1008,www.xiaohongshu.com/explore/6610b333000000001b00b17b
æ—¥æœ¬æ ¸æ±¡æ°´æ’æ”¾ï¼,107,å½©å§çš„ç¬”è®°,/user/profile/607ed0c8000000000101e8ff?channel_type=web_search_result_notes&parent_page_channel_type=web_profile_board,/explore/660c260f000000001b01185c,/search_result/660c260f000000001b01185c?xsec_token=ABvcEPisMPrvbx82t-MFoq_3qIoaAhIfHaLUP7mN7AtOc=&xsec_source=pc_search,107,www.xiaohongshu.com/explore/660c260f000000001b01185c
æ ¸åºŸæ°´ğŸ¤¬,èµ,é­š.æ‹æµ·,/user/profile/5cbebae40000000017033a4c?channel_type=web_search_result_notes&parent_page_channel_type=web_profile_board,/explore/669d21cc0000000025017711,/search_result/669d21cc0000000025017711?xsec_token=ABoHzno4MwbJIXf9WhM3Ewwzc9dDUEB3N-GcPHWnhRie4=&xsec_source=pc_search,0,www.xiaohongshu.com/explore/669d21cc0000000025017711
è¯·é—®æ—¥æœ¬äººä¸èƒ½å–æ ¸åºŸæ°´å—ï¼Ÿ,2,å‘†å‘†çš„å¦ˆå’ª,/user/profile/61348d8e00000000020180e6?channel_type=web_search_result_notes&parent_page_channel_type=web_profile_board,/explore/669d20cd000000000a007060,/search_result/669d20cd000000000a007060?xsec_token=ABoHzno4MwbJIXf9WhM3Eww4feeHPhxCyoJxzRrOdFgtY=&xsec_source=pc_search,2,www.xiaohongshu.com/explore/669d20cd000000000a007060
ä¸è¦å‹çƒ­åº¦ï¼Œè®©çƒ­åº¦é¡¶ä¸Šå»,15,å®‹é›¨ç¦æˆ‘è€å©†,/user/profile/64719676000000001f0060bf?channel_type=web_search_result_notes&parent_page_channel_type=web_profile_board,/explore/669d0f4400000000050054d9,/search_result/669d0f4400000000050054d9?xsec_token=ABoHzno4MwbJIXf9WhM3Eww7K-f3wkqYqkahPnGhIsZX4=&xsec_source=pc_search,15,www.xiaohongshu.com/explore/669d0f4400000000050054d9
è¿™æ˜¯ä¸ºä»€ä¹ˆå‘¢ ï¼Ÿ,3,æ¯çŒ´æ‰‹ä½œğŸ’,/user/profile/63d5098200000000270285f8?channel_type=web_search_result_notes&parent_page_channel_type=web_profile_board,/explore/669d06530000000005006654,/search_result/669d06530000000005006654?xsec_token=ABoHzno4MwbJIXf9WhM3Eww0dgyHY3_P3ezfpuiC8hC0o=&xsec_source=pc_search,3,www.xiaohongshu.com/explore/669d06530000000005006654
#æ˜Ÿçƒå¤§æˆ˜#æ˜ŸçƒåŠ¨ç”»#åŠ¨ç”»#æ ¸åºŸæ°´,3,åœŸæ‹”è™,/user/profile/663b575f000000000700620a?channel_type=web_search_result_notes&parent_page_channel_type=web_profile_board,/explore/669cf0fc00000000250072b3,/search_result/669cf0fc00000000250072b3?xsec_token=ABdQFCPZgupS7EwZwEkCNJBh7qN-7OzqhPSrIRQROswpM=&xsec_source=pc_search,3,www.xiaohongshu.com/explore/669cf0fc00000000250072b3
æ ¸åºŸæ°´æ±¡æŸ“çš„é±¼ï¼Œä½ è¿˜æ•¢åƒå—,10,ç§‘å­¦å¥‡è§‚,/user/profile/6681624500000000070077f5?channel_type=web_search_result_notes&parent_page_channel_type=web_profile_board,/explore/669ceb1200000000250013c3,/search_result/669ceb1200000000250013c3?xsec_token=ABdQFCPZgupS7EwZwEkCNJBqtS6_UVLJf6KgkM2Snd7bU=&xsec_source=pc_search,10,www.xiaohongshu.com/explore/669ceb1200000000250013c3
æ ¸æ±¡æ°´ä¸éº»æœ¨ï¼,15,æ˜Ÿè¾°å½©å§,/user/profile/65ae6d62000000000d03ddea?channel_type=web_search_result_notes&parent_page_channel_type=web_profile_board,/explore/669ce8150000000025007b63,/search_result/669ce8150000000025007b63?xsec_token=ABdQFCPZgupS7EwZwEkCNJBjrmrkaIt4io87c3XFPsvjo=&xsec_source=pc_search,15,www.xiaohongshu.com/explore/669ce8150000000025007b63
å±±æ°´é±¼é±¼ä¸åŒè·¯,3,èµµæ‹¾æŸ’,/user/profile/5f168e49000000000100614d?channel_type=web_search_result_notes&parent_page_channel_type=web_profile_board,/explore/669cdbad000000000a0252a9,/search_result/669cdbad000000000a0252a9?xsec_token=ABdQFCPZgupS7EwZwEkCNJBlRgnllKGFTsyL1QyBPWvJY=&xsec_source=pc_search,3,www.xiaohongshu.com/explore/669cdbad000000000a0252a9
å…³æ³¨ç¦å²›æ ¸æ±¡æ°´ ï¼Œäº†è§£7æœˆ20æ—¥å›½å†…ç©ºæ°”è¾å°„,9,å°çº¢å­¦å‰ç«¯,/user/profile/604095520000000001004cf6?channel_type=web_search_result_notes&parent_page_channel_type=web_profile_board,/explore/669caeda0000000025006053,/search_result/669caeda0000000025006053?xsec_token=ABdQFCPZgupS7EwZwEkCNJBo0OUHRdMQQxFgl24xKov-8=&xsec_source=pc_search,9,www.xiaohongshu.com/explore/669caeda0000000025006053
éƒ½ä¼ ä¸‹å»ï¼,31,ä¹é»ã‚œ.,/user/profile/64a537c4000000000b017cc2?channel_type=web_search_result_notes&parent_page_channel_type=web_profile_board,/explore/669ca573000000002500395b,/search_result/669ca573000000002500395b?xsec_token=ABdQFCPZgupS7EwZwEkCNJBqxkfhErmeurlwODxpzU5hE=&xsec_source=pc_search,31,www.xiaohongshu.com/explore/669ca573000000002500395b
ä¼ ä¸‹å»,39,é˜¿ç‘¶èŠŠèŠŠ,/user/profile/6329b573000000002303d10d?channel_type=web_search_result_notes&parent_page_channel_type=web_profile_board,/explore/669c98e00000000005005f66,/search_result/669c98e00000000005005f66?xsec_token=ABdQFCPZgupS7EwZwEkCNJBhMxUN31bqfabpwQhpLP9dY=&xsec_source=pc_search,39,www.xiaohongshu.com/explore/669c98e00000000005005f66
å¯æ¶ï¼æµ·é²œè¿˜èƒ½åƒå—ï¼#æ ¸æ±¡æ°´#æ ¸åºŸæ°´#æµ·,9,Duckä¸å¿…,/user/profile/648ad4690000000010034c51?channel_type=web_search_result_notes&parent_page_channel_type=web_profile_board,/explore/669c5f06000000002500743e,/search_result/669c5f06000000002500743e?xsec_token=ABdQFCPZgupS7EwZwEkCNJBhXkDS8ZP5rvDB9Pwmuljo4=&xsec_source=pc_search,9,www.xiaohongshu.com/explore/669c5f06000000002500743e
,22,æ©˜å³ç¾ç¾å­,/user/profile/667ae78c0000000007005ac1?channel_type=web_search_result_notes&parent_page_channel_type=web_profile_board,/explore/669c5e480000000025014158,/search_result/669c5e480000000025014158?xsec_token=ABdQFCPZgupS7EwZwEkCNJBokLKHFXEJgTiAT_LF4GN9A=&xsec_source=pc_search,22,www.xiaohongshu.com/explore/669c5e480000000025014158
å°æ—¥æœ¬èµ¶ç´§æ»š#æ—¥æœ¬æ’æ”¾æ ¸æ±¡æ°´Â ,8,Ducké¸­yaï¼ˆçˆ±å¦ƒï¼æŠ¤é©¾ï¼ï¼ï¼‰,/user/profile/667bccb60000000003032996?channel_type=web_search_result_notes&parent_page_channel_type=web_profile_board,/explore/669c56130000000025016b4f,/search_result/669c56130000000025016b4f?xsec_token=ABdQFCPZgupS7EwZwEkCNJBppxd7ac8vVpm5SFulKvhGI=&xsec_source=pc_search,8,www.xiaohongshu.com/explore/669c56130000000025016b4f
æ ¸åºŸæ°´/æŠµåˆ¶/æ¬è¿å¯æ¬è¿,10,QrZy314,/user/profile/62f47435000000001f0041f0?channel_type=web_search_result_notes&parent_page_channel_type=web_profile_board,/explore/669bf0fb0000000025006104,/search_result/669bf0fb0000000025006104?xsec_token=ABRnYMBIGZrA9GRkNxCNZd0QaVGfR-eOywguNCB50Ubb8=&xsec_source=pc_search,10,www.xiaohongshu.com/explore/669bf0fb0000000025006104
æƒ³å¥½äº†å—ï¼Ÿ,84,å‘ç–¯æ–‡å­¦,/user/profile/5d280b800000000016007e34?channel_type=web_search_result_notes&parent_page_channel_type=web_profile_board,/explore/669be825000000000a004e20,/search_result/669be825000000000a004e20?xsec_token=ABRnYMBIGZrA9GRkNxCNZd0UyStb0_XtBKWUByaTSEElY=&xsec_source=pc_search,84,www.xiaohongshu.com/explore/669be825000000000a004e20
,14,ã€‚å—¯,/user/profile/60f3d63700000000010027ae?channel_type=web_search_result_notes&parent_page_channel_type=web_profile_board,/explore/669be5910000000025000f60,/search_result/669be5910000000025000f60?xsec_token=ABRnYMBIGZrA9GRkNxCNZd0R6nc_qiMKHNOpbfjn67UVc=&xsec_source=pc_search,14,www.xiaohongshu.com/explore/669be5910000000025000f60
â€œå¤§æµ·æ˜¯ä»€ä¹ˆé¢œè‰²ï¼Ÿâ€,37,è‰³é˜³_YANYANG,/user/profile/63497083000000001801c46c?channel_type=web_search_result_notes&parent_page_channel_type=web_profile_board,/explore/669a8141000000000a025372,/search_result/669a8141000000000a025372?xsec_token=ABsUcF-6v7f4UmbOfgCNaAus6fXvICOGzjsrfqxIhq_mg=&xsec_source=pc_search,37,www.xiaohongshu.com/explore/669a8141000000000a025372
æ¬§æ´²äººæ€ä¹ˆçœ‹å¾…æ—¥æœ¬æ’æ”¾æ ¸æ±¡æ°´å‘¢ï¼Ÿ,11,è¥¿ç­ç‰™ä¸ƒä¸ƒ,/user/profile/667bac9e00000000030301f3?channel_type=web_search_result_notes&parent_page_channel_type=web_profile_board,/explore/669b0d980000000025006e19,/search_result/669b0d980000000025006e19?xsec_token=ABRnYMBIGZrA9GRkNxCNZd0RVSghAgYLgiiQw9wYR_HXM=&xsec_source=pc_search,11,www.xiaohongshu.com/explore/669b0d980000000025006e19
æˆ‘Kï¼çœŸå¸Œæœ›è¿™æ˜¯ä¸€åœºæ¢¦ï¼,5524,å°æŸ,/user/profile/62dfa5b7000000001e01e22d?channel_type=web_search_result_notes&parent_page_channel_type=web_profile_board,/explore/660c10eb000000000401bd5d,/search_result/660c10eb000000000401bd5d?xsec_token=ABvcEPisMPrvbx82t-MFoq_3_xP0RhQCi-pFE4y5VRP04=&xsec_source=pc_search,5524,www.xiaohongshu.com/explore/660c10eb000000000401bd5d
æ ¸åºŸæ°´ï¼Œæ ¸æ±¡æŸ“ï¼Œè°çœŸæ­£å…³å¿ƒè¿‡æ—¥æœ¬å¥³å­©å­,16,å˜»å“ˆé…·å‹è®°AceChill,/user/profile/65fee93b000000000b00f40d?channel_type=web_search_result_notes&parent_page_channel_type=web_profile_board,/explore/660977f8000000001a011243,/search_result/660977f8000000001a011243?xsec_token=AB0vxLzqeDwr523wtkfZ6fu2yICAc1tEGjrCxWLD8zj8I=&xsec_source=pc_search,16,www.xiaohongshu.com/explore/660977f8000000001a011243
AIğŸ‘¨â€ğŸ¨å°æ—¥æœ¬æ’æ”¾æ ¸åºŸæ°´ğŸ’¥,1582,aiä¼šç»˜ç”»,/user/profile/658bf02a000000002200a353?channel_type=web_search_result_notes&parent_page_channel_type=web_profile_board,/explore/6602cd690000000012031cdb,/search_result/6602cd690000000012031cdb?xsec_token=ABvgV50tedCyqhK6s77vhU4dZYTqdECSpXt39hlLRVEyQ=&xsec_source=pc_search,1582,www.xiaohongshu.com/explore/6602cd690000000012031cdb
æœ‹å‹ä»¬æ³¨æ„å•¦ï¼,83,ææ´ªæ ¹,/user/profile/558c386941a2b35e08a7b201?channel_type=web_search_result_notes&parent_page_channel_type=web_profile_board,/explore/66078e030000000013026c6e,/search_result/66078e030000000013026c6e?xsec_token=ABpLF6_WU5UxwOefnXWZ5e3f2YjeLG2S3WED3HK0D3FX4=&xsec_source=pc_search,83,www.xiaohongshu.com/explore/66078e030000000013026c6e
æ—¥æœ¬æ ¸æ±¡æ°´æ¥äº†ï¼Œæµ·é²œè¿˜èƒ½åƒï¼Œæ¸”æ°‘æ€ä¹ˆç”Ÿæ´»,137,î„é›¨ç«¹îŒƒ,/user/profile/644c6ae70000000012036039?channel_type=web_search_result_notes&parent_page_channel_type=web_profile_board,/explore/66063c1e000000001a0101c0,/search_result/66063c1e000000001a0101c0?xsec_token=AB3W2KrAxnwqpkcYH0joHXLvPa8W8z6O-mldJTgk3qQY0=&xsec_source=pc_search,137,www.xiaohongshu.com/explore/66063c1e000000001a0101c0
æ ¸æ±¡æ°´,46,å°ç”°çˆ±å–èŒ…å°,/user/profile/5aded5a54eacab093c091c25?channel_type=web_search_result_notes&parent_page_channel_type=web_profile_board,/explore/660162e90000000012037000,/search_result/660162e90000000012037000?xsec_token=ABrBoyKjQ5QXELSWUNKgXOj8wvjC9zucdTGsVL_55nWKA=&xsec_source=pc_search,46,www.xiaohongshu.com/explore/660162e90000000012037000
åšå†³åå¯¹æ—¥æœ¬æ ¸æ±¡æ°´æ’å…¥æµ·æ´‹ï¼,138,å¯¹èŠ±èŠ±å¿ƒåŠ¨,/user/profile/615d9c140000000002025f77?channel_type=web_search_result_notes&parent_page_channel_type=web_profile_board,/explore/65fed54f0000000014005dcc,/search_result/65fed54f0000000014005dcc?xsec_token=AB0pJ5qcc3Rvbk-nHplIOwdkdutKBG1DCzo02KD1mnZPs=&xsec_source=pc_search,138,www.xiaohongshu.com/explore/65fed54f0000000014005dcc
æ—¥æœ¬å¤§çˆ·å–æ ¸åºŸæ°´å˜å¼‚,8450,AIé­”æ³•ç‹®,/user/profile/64b5c4fd000000002a036b83?channel_type=web_search_result_notes&parent_page_channel_type=web_profile_board,/explore/65f56ebb000000001203f2b9,/search_result/65f56ebb000000001203f2b9?xsec_token=ABhUQ4-owI5iCP36Rjl_8CRizHurMZQuLZ533S8GU14eo=&xsec_source=pc_search,8450,www.xiaohongshu.com/explore/65f56ebb000000001203f2b9
æ ¸æ±¡æ°´å¯¼è‡´çš„ï¼Ÿå˜å¼‚é­”é¬¼é±¼ï¼Ÿ,2081,å¢¨ç¾½ã€,/user/profile/5fb5fc640000000001004210?channel_type=web_search_result_notes&parent_page_channel_type=web_profile_board,/explore/65f3155d00000000120203e5,/search_result/65f3155d00000000120203e5?xsec_token=ABzIIvi5Czgo-rCTlZDxm81uEj-dpbr3QM0JeciHqSlBU=&xsec_source=pc_search,2081,www.xiaohongshu.com/explore/65f3155d00000000120203e5
,834,ç¥ˆè‹¼ğŸ’,/user/profile/6517fcd40000000023024365?channel_type=web_search_result_notes&parent_page_channel_type=web_profile_board,/explore/65ec01320000000003030362,/search_result/65ec01320000000003030362?xsec_token=AB66ShpXnE0gNfni3fD50Jz17uvJEJkEL23PJeEkf2NWM=&xsec_source=pc_search,834,www.xiaohongshu.com/explore/65ec01320000000003030362
ä¿æŠ¤æµ·æ´‹ç¯å¢ƒ,èµ,é£æ½®å•¸å•¸å£°,/user/profile/61c5b98700000000100073f9?channel_type=web_search_result_notes&parent_page_channel_type=web_profile_board,/explore/65eb067f000000000600eb38,/search_result/65eb067f000000000600eb38?xsec_token=ABnnBlFs954PbaKRzNwnmooM8bq7_JFsUYwjFFfLEKbdc=&xsec_source=pc_search,0,www.xiaohongshu.com/explore/65eb067f000000000600eb38
æ ¸åºŸæ°´ä¹‹åçš„æ—¥æœ¬æµ·é²œï¼Œæ„Ÿè§‰åƒä¸‹å»ä¼šæŒ‚ï¼,21,Joan,/user/profile/6231834300000000100071dd?channel_type=web_search_result_notes&parent_page_channel_type=web_profile_board,/explore/65eaded0000000000600fd8b,/search_result/65eaded0000000000600fd8b?xsec_token=AB3z-4aTgGVNmt6Lozsv0uxZCWESiMI-F6kWIqai-Bwuw=&xsec_source=pc_search,21,www.xiaohongshu.com/explore/65eaded0000000000600fd8b
,832,æ˜Ÿè¾°æ¸…é€¸,/user/profile/6582546200000000200376b5?channel_type=web_search_result_notes&parent_page_channel_type=web_profile_board,/explore/65e2ebb10000000001028cfb,/search_result/65e2ebb10000000001028cfb?xsec_token=ABj6DFd7Jnns2NKUkgCDuMaHj0P4nOU6AjorJQLVThIoA=&xsec_source=pc_search,832,www.xiaohongshu.com/explore/65e2ebb10000000001028cfb
,85,è·¨ç•Œæ¸”å¤«,/user/profile/6642cfe90000000003033ebc?channel_type=web_search_result_notes&parent_page_channel_type=web_profile_board,/explore/665186d3000000000c018bc4,/search_result/665186d3000000000c018bc4?xsec_token=ABSqfqu9FAknRvX55vYohQkOhJFB54mz57kmpgO0N66UY=&xsec_source=pc_search,85,www.xiaohongshu.com/explore/665186d3000000000c018bc4
æ—¥æœ¬æ’æ”¾æ ¸æ±¡æ°´æœ€æ–°æ¶ˆæ¯,29,å¿§éƒå°æ±‰å ¡ğŸ”,/user/profile/62368515000000001000e526?channel_type=web_search_result_notes&parent_page_channel_type=web_profile_board,/explore/6649c4d6000000000f00fffa,/search_result/6649c4d6000000000f00fffa?xsec_token=ABdm6d24lNUve7fPFQBeQ4taFkKwc1tqeDAxj3FQOj2Oc=&xsec_source=pc_search,29,www.xiaohongshu.com/explore/6649c4d6000000000f00fffa
æ ¸æ±¡æ°´åˆ°è¾¾ç¦å»ºæµ·åŸŸ æµ·é²œè¿˜èƒ½ä¸èƒ½åƒ,11,ã€‚,/user/profile/664770420000000007006718?channel_type=web_search_result_notes&parent_page_channel_type=web_profile_board,/explore/6648c6910000000005007e9b,/search_result/6648c6910000000005007e9b?xsec_token=ABAIh1w0cmneuX1WfRXv0xxIYpYi-Mi6YzBIFmO4QeDf4=&xsec_source=pc_search,11,www.xiaohongshu.com/explore/6648c6910000000005007e9b
æ—¥æœ¬æ’æ”¾æ ¸æ±¡æ°´åä¸ªäººå¦‚ä½•ä¿æŠ¤è‡ªå·±çš„å¥åº·,35,å°ä¹å˜ç¾è®°,/user/profile/64424dd20000000010025c27?channel_type=web_search_result_notes&parent_page_channel_type=web_profile_board,/explore/66475fc40000000016012c6b,/search_result/66475fc40000000016012c6b?xsec_token=ABsQtyTuR-1azo512cgO2IcEdSrDC4pqjb5qg6vUBoVBI=&xsec_source=pc_search,35,www.xiaohongshu.com/explore/66475fc40000000016012c6b
æ—¥æœ¬æ ¸æ±¡æ°´å·±ç»æŠµè¾¾ä¸­å›½æµ™æ±Ÿï¼ï¼,96,æµ…å¤èŠ±å¼€,/user/profile/56568ed2a40e1875c50ff800?channel_type=web_search_result_notes&parent_page_channel_type=web_profile_board,/explore/6647565b000000000f00c9e5,/search_result/6647565b000000000f00c9e5?xsec_token=ABsQtyTuR-1azo512cgO2IcFFD5QuhcMYDX5YUK6cJTpg=&xsec_source=pc_search,96,www.xiaohongshu.com/explore/6647565b000000000f00c9e5
æ ¸æ±¡æ°´é©¬ä¸Šåˆ°å±±ä¸œäº†ğŸ˜­ğŸ˜±,294,å¹¸è¿æœ,/user/profile/5d47a72300000000110292cc?channel_type=web_search_result_notes&parent_page_channel_type=web_profile_board,/explore/66471f7f000000001303f737,/search_result/66471f7f000000001303f737?xsec_token=ABsQtyTuR-1azo512cgO2IcImeJ_N7oXZw4F_7W3mE7DA=&xsec_source=pc_search,294,www.xiaohongshu.com/explore/66471f7f000000001303f737
æ—¥æœ¬å³å°†å¯åŠ¨ç¬¬äºŒæ³¢æ ¸æ±¡æ°´æ’æµ·,23,è¯»ç‰¹æ–°é—»,/user/profile/6447cd330000000029011b77?channel_type=web_search_result_notes&parent_page_channel_type=web_profile_board,/explore/66457d4e000000001e034e1c,/search_result/66457d4e000000001e034e1c?xsec_token=ABT2nCvqMRzcBWn1gNfFmp0VEU2eLt5a20jqexEcHMM4k=&xsec_source=pc_search,23,www.xiaohongshu.com/explore/66457d4e000000001e034e1c
æ—¥æœ¬ç¾å¥³å˜å¼‚äº†,9,å°çº¢è–¯665950AB,/user/profile/5c35a6100000000007003191?channel_type=web_search_result_notes&parent_page_channel_type=web_profile_board,/explore/664463cc000000001e035634,/search_result/664463cc000000001e035634?xsec_token=ABMc9Xg3QxY69A5OULgvBq8NIMr1P3jKPONeFMI7Z9wSE=&xsec_source=pc_search,9,www.xiaohongshu.com/explore/664463cc000000001e035634
,59,è½¬è½¬å•Šï¼,/user/profile/6365f2f0000000001f01d1bb?channel_type=web_search_result_notes&parent_page_channel_type=web_profile_board,/explore/6641c659000000001e031c0d,/search_result/6641c659000000001e031c0d?xsec_token=ABeZ5cL3ul6I0a2Y1oWJ-jQAIKj0evyzLlv3S7jU7MQcc=&xsec_source=pc_search,59,www.xiaohongshu.com/explore/6641c659000000001e031c0d
,232,momo,/user/profile/6288466a0000000021023542?channel_type=web_search_result_notes&parent_page_channel_type=web_profile_board,/explore/6625258b0000000003023b6f,/search_result/6625258b0000000003023b6f?xsec_token=AB9dAWcPax2qKD_X-gNUhyksyEHm7zK6O4BFXUBAkiEbs=&xsec_source=pc_search,232,www.xiaohongshu.com/explore/6625258b0000000003023b6f
æ—¥æœ¬ç•™å­¦ç”Ÿæ˜¯æ€ä¹ˆçœ‹å¾…æ—¥æœ¬æ ¸æ±¡æ°´çš„ï¼Ÿ,613,æ¾³æ´²JJå“¥,/user/profile/5fa08e17000000000100646f?channel_type=web_search_result_notes&parent_page_channel_type=web_profile_board,/explore/665bd8fb000000001401b77e,/search_result/665bd8fb000000001401b77e?xsec_token=ABriMP0TxVQGj5YiOEd6Hu2e0QMD5b7_X1FdNDQPra0Gw=&xsec_source=pc_search,613,www.xiaohongshu.com/explore/665bd8fb000000001401b77e
,31,æŸ æª¬ä¸èŒ,/user/profile/6235501b000000001000c7ee?channel_type=web_search_result_notes&parent_page_channel_type=web_profile_board,/explore/665bd80d000000000f00e438,/search_result/665bd80d000000000f00e438?xsec_token=ABriMP0TxVQGj5YiOEd6Hu2aFtjz4I0Ui7FC0d3BGeEWw=&xsec_source=pc_search,31,www.xiaohongshu.com/explore/665bd80d000000000f00e438
æ ¸æ±¡æ°´ä¸­çš„â€œæ­»äº¡å°„çº¿â€å¦‚ä½•æ‘§æ¯äººä½“å¥åº·ï¼Ÿ,20,å£¹ä¸‡æŒç”Ÿç‰©ç§‘æŠ€æœ‰é™å…¬å¸,/user/profile/66038388000000000b00c6a8?channel_type=web_search_result_notes&parent_page_channel_type=web_profile_board,/explore/665984270000000016010757,/search_result/665984270000000016010757?xsec_token=AB3rBtUC52epOXjCIJTkYr7sPqqYPuOPjELdGXYuCzIrI=&xsec_source=pc_search,20,www.xiaohongshu.com/explore/665984270000000016010757
æ ¸åºŸæ°´è­¦å‘Šâš ï¸ï½œçµç¶æ¹–æ°´1å¹´å†… å±…ç„¶å˜è¿™ä¹ˆè„ï¼Ÿ,114,å…ƒå®Joe,/user/profile/5b3abe05e8ac2b6cc5a02eb4?channel_type=web_search_result_notes&parent_page_channel_type=web_profile_board,/explore/665971000000000014018fdb,/search_result/665971000000000014018fdb?xsec_token=AB3rBtUC52epOXjCIJTkYr7gOGrl7drPnefL1v3p4hgPQ=&xsec_source=pc_search,114,www.xiaohongshu.com/explore/665971000000000014018fdb
æ—¥æœ¬æ’æ”¾æ ¸åºŸæ°´ï¼Œå¯¹æƒ å·å¤§æµ·æœ‰å½±å“å—ï¼Ÿ,143,ä½æƒ å·æµ·è¾¹çš„å¤§å”,/user/profile/64ca0833000000000e024310?channel_type=web_search_result_notes&parent_page_channel_type=web_profile_board,/explore/66569b9400000000160133ab,/search_result/66569b9400000000160133ab?xsec_token=ABhnqLp7C5HjlL8AaFAZAU5LGtMIgzFZc_KctsnsmRa5k=&xsec_source=pc_search,143,www.xiaohongshu.com/explore/66569b9400000000160133ab
å˜å¼‚åçš„å…«çˆªé±¼ï¼Œä½ æ€•äº†å—ï¼Ÿå¦‚æœå¤§å®¶éƒ½ä¸çˆ±,38,æ˜Ÿè¾°å¤§æµ·,/user/profile/602f213f0000000001000b4b?channel_type=web_search_result_notes&parent_page_channel_type=web_profile_board,/explore/6655fd4200000000160135aa,/search_result/6655fd4200000000160135aa?xsec_token=AB4BBdva5tPsjGoSqNyzNWiJKz0Y1f3Niggu7Z6kvKiR8=&xsec_source=pc_search,38,www.xiaohongshu.com/explore/6655fd4200000000160135aa
å˜å¼‚åçš„å…«çˆªé±¼ï¼Œä½ æ€•äº†å—ï¼Ÿå¦‚æœå¤§å®¶éƒ½ä¸çˆ±,188,åŠç³–,/user/profile/63ad8bf30000000026007eb2?channel_type=web_search_result_notes&parent_page_channel_type=web_profile_board,/explore/6655fcc2000000000c01a599,/search_result/6655fcc2000000000c01a599?xsec_token=AB4BBdva5tPsjGoSqNyzNWiByJn4yB-_KISsjXrdX7I2M=&xsec_source=pc_search,188,www.xiaohongshu.com/explore/6655fcc2000000000c01a599
è¿˜æœ‰äººå…³å¿ƒå°æ—¥æœ¬æ’æ”¾æ ¸åºŸæ°´ï¼Ÿ,666,ä½æƒ å·æµ·è¾¹çš„å¤§å”,/user/profile/64ca0833000000000e024310?channel_type=web_search_result_notes&parent_page_channel_type=web_profile_board,/explore/6655485e0000000005005218,/search_result/6655485e0000000005005218?xsec_token=AB4BBdva5tPsjGoSqNyzNWiD9DvvgsT7S_KDQsVYDJlXM=&xsec_source=pc_search,666,www.xiaohongshu.com/explore/6655485e0000000005005218
,1849,æˆ‘çš„å°å®è´,/user/profile/65d7668f000000000401f8b0?channel_type=web_search_result_notes&parent_page_channel_type=web_profile_board,/explore/66549b360000000014019766,/search_result/66549b360000000014019766?xsec_token=ABafmmj-MuHJ-m05nQ3etpgSG-5_85YPjJPuofTG39iIo=&xsec_source=pc_search,1849,www.xiaohongshu.com/explore/66549b360000000014019766
æƒ å·æµ·æ°´æ ¸è¾å°„ç°åœºå®æµ‹,213,ä½æƒ å·æµ·è¾¹çš„å¤§å”,/user/profile/64ca0833000000000e024310?channel_type=web_search_result_notes&parent_page_channel_type=web_profile_board,/explore/667d5d8f000000001e01289d,/search_result/667d5d8f000000001e01289d?xsec_token=ABKQ726zidIbtQIX8gsCae3e1tFS3YCLDJltXmvLq2CNs=&xsec_source=pc_search,213,www.xiaohongshu.com/explore/667d5d8f000000001e01289d
6.28æ—¥æœ¬å°†å¯åŠ¨ç¬¬ä¸ƒè½®æ ¸æ±¡æŸ“æ°´æ’æµ·,41,è±†å…’,/user/profile/5c8869ed000000001102fe24?channel_type=web_search_result_notes&parent_page_channel_type=web_profile_board,/explore/667d3dd5000000001c02b33b,/search_result/667d3dd5000000001c02b33b?xsec_token=ABKQ726zidIbtQIX8gsCae3cYx2nuoUmkuRMVGvrPy4P8=&xsec_source=pc_search,41,www.xiaohongshu.com/explore/667d3dd5000000001c02b33b
6æœˆ27ä¸‰äºšæ ¸æ±¡æ°´æ£€æµ‹å®å½•ã€‚,3339,æµ·å—å°æ ¾,/user/profile/598b08cf50c4b45438221f05?channel_type=web_search_result_notes&parent_page_channel_type=web_profile_board,/explore/667d24a4000000001c020c9a,/search_result/667d24a4000000001c020c9a?xsec_token=ABKQ726zidIbtQIX8gsCae3Qw8uu8WhRfZMttxS6JxcsE=&xsec_source=pc_search,3339,www.xiaohongshu.com/explore/667d24a4000000001c020c9a
æ— æ‰€è°“ï¼Œæˆ‘ä¼šä¸€ç›´å‘æ ¸æ±¡æ°´,5417,åŒ—åŒ—,/user/profile/64c135b1000000002b0087ce?channel_type=web_search_result_notes&parent_page_channel_type=web_profile_board,/explore/667cd3bf000000001c0244cc,/search_result/667cd3bf000000001c0244cc?xsec_token=ABsNkcj5zvFuFec6iqpkHyCY9s9tdrIMH8m5ytSTjBIbA=&xsec_source=pc_search,5417,www.xiaohongshu.com/explore/667cd3bf000000001c0244cc
,179,æˆ‘çš„å°å®è´,/user/profile/65d7668f000000000401f8b0?channel_type=web_search_result_notes&parent_page_channel_type=web_profile_board,/explore/667acbbb000000001e011b1c,/search_result/667acbbb000000001e011b1c?xsec_token=ABuRo7cvo-cp7kCEiVw1j-kcvWLvnvSyuMGO3BqsV9zCY=&xsec_source=pc_search,179,www.xiaohongshu.com/explore/667acbbb000000001e011b1c
å¦‚æœæ ¸åºŸæ°´åˆ°è¾¾ä½ çš„å®¶ä¹¡äº†ä½ è¿˜ä¼šåƒæµ·é²œå—ï¼Ÿ,6,å“è¶ŠéŸ©ç™½ç§‘æŠ€æœ‰é™å…¬å¸,/user/profile/5cd634970000000012038cbe?channel_type=web_search_result_notes&parent_page_channel_type=web_profile_board,/explore/66786ae9000000001c0362f7,/search_result/66786ae9000000001c0362f7?xsec_token=ABZLcfZMa422p2JZzR3NMISkcg1IyEKMj_gdxPh4BZCMA=&xsec_source=pc_search,6,www.xiaohongshu.com/explore/66786ae9000000001c0362f7
å®æµ‹æµ·æ°´è¾å°„å€¼,8459,çˆ±åƒæµ·è›å­,/user/profile/5e49d59d0000000001009d0a?channel_type=web_search_result_notes&parent_page_channel_type=web_profile_board,/explore/6677b787000000001e011fc5,/search_result/6677b787000000001e011fc5?xsec_token=AB-W0GaL4e45vCaYFEoqOnOtX3ZLdxDeGDPPvq6FkWdI4=&xsec_source=pc_search,8459,www.xiaohongshu.com/explore/6677b787000000001e011fc5
ğŸ’”ä½ ä¼šè§¦æ‘¸å®ƒå—ï¼Ÿ,2571,å¢¨ç¾½ã€,/user/profile/5fb5fc640000000001004210?channel_type=web_search_result_notes&parent_page_channel_type=web_profile_board,/explore/6676ea8e000000001c0258b1,/search_result/6676ea8e000000001c0258b1?xsec_token=ABEnMRPV-lcYPYgL8qAB8MKnSv6Wn_Le3rwDhHbOzNJZE=&xsec_source=pc_search,2571,www.xiaohongshu.com/explore/6676ea8e000000001c0258b1
ç¬¬å››æ¬¡æ’æµ·å·²ç»å¼€å§‹,117,æ˜¥æš–èŠ±å¼€,/user/profile/607d57f9000000000100bb65?channel_type=web_search_result_notes&parent_page_channel_type=web_profile_board,/explore/65e17fc00000000004002d50,/search_result/65e17fc00000000004002d50?xsec_token=AB2qQPFLuiKnsI5C-llVzOpF-7SvN3uzx9IEyBeoVNZRw=&xsec_source=pc_search,117,www.xiaohongshu.com/explore/65e17fc00000000004002d50
æ—¥æœ¬æ ¸æ±¡æŸ“,90,ç ´èŒ§é‡ç”Ÿ,/user/profile/631c6a550000000023038d4d?channel_type=web_search_result_notes&parent_page_channel_type=web_profile_board,/explore/65e00418000000000400216f,/search_result/65e00418000000000400216f?xsec_token=ABKMCJYBXDcK8_Q-tZQWglB0eUIleVosAACIKQ5N4CZSY=&xsec_source=pc_search,90,www.xiaohongshu.com/explore/65e00418000000000400216f
æ—¥æœ¬æ’æ”¾æ ¸æ±¡æ°´äº‹ä»¶,440,æœˆå…‰æ°´æ¯,/user/profile/64e7bf33000000000100cacc?channel_type=web_search_result_notes&parent_page_channel_type=web_profile_board,/explore/65de24230000000007025f75,/search_result/65de24230000000007025f75?xsec_token=ABFRcVbS480fnlfiSxrSGtodFb2rz6etKtnSC4wFfrTxg=&xsec_source=pc_search,440,www.xiaohongshu.com/explore/65de24230000000007025f75
è¿™ä¹Ÿå¤ªéœ¸æ°”äº†å§,èµ,é£æ½®å•¸å•¸å£°,/user/profile/61c5b98700000000100073f9?channel_type=web_search_result_notes&parent_page_channel_type=web_profile_board,/explore/65dd55e8000000000b014b6d,/search_result/65dd55e8000000000b014b6d?xsec_token=ABq3gfj_SfX-BX9G6lTviWloYEJRMFqgOmqmOpKAP2Jvk=&xsec_source=pc_search,0,www.xiaohongshu.com/explore/65dd55e8000000000b014b6d
,130,æ«å¶ğŸğŸ,/user/profile/625a60bf000000001000cc01?channel_type=web_search_result_notes&parent_page_channel_type=web_profile_board,/explore/65db57e3000000000b020da7,/search_result/65db57e3000000000b020da7?xsec_token=ABA4tB_C18NEQQClqy_jvH2RAjGdbNPkJlcLmH9Mzyg7M=&xsec_source=pc_search,130,www.xiaohongshu.com/explore/65db57e3000000000b020da7
,1816,å…”äº†ä¸ªå…”çš„å…”å…”,/user/profile/5e37a1f10000000001004627?channel_type=web_search_result_notes&parent_page_channel_type=web_profile_board,/explore/65d98e0c0000000007007d11,/search_result/65d98e0c0000000007007d11?xsec_token=ABs_3aMtDNUkDTqyEnwiQjv-n_YZZ7UV_-7hfjR-HVCLA=&xsec_source=pc_search,1816,www.xiaohongshu.com/explore/65d98e0c0000000007007d11
å¤©å•Šã€‚ã€‚ã€‚çœŸçš„æ²¡äººå‘ç°å˜›ï¼,219,momo,/user/profile/5c27a392000000000603d19d?channel_type=web_search_result_notes&parent_page_channel_type=web_profile_board,/explore/65d984390000000007005b78,/search_result/65d984390000000007005b78?xsec_token=ABs_3aMtDNUkDTqyEnwiQjvyGdbFSX1hohBYk_zleTxiQ=&xsec_source=pc_search,219,www.xiaohongshu.com/explore/65d984390000000007005b78
,548,é©ç‡,/user/profile/60e01f950000000001009544?channel_type=web_search_result_notes&parent_page_channel_type=web_profile_board,/explore/65d69e6800000000070258a5,/search_result/65d69e6800000000070258a5?xsec_token=ABu83WhhkLYaZf2zL06yhaKvJpmG9p5dmz6RdvvJCnIKI=&xsec_source=pc_search,548,www.xiaohongshu.com/explore/65d69e6800000000070258a5
æ—¥æœ¬æ ¸æ±¡æ°´æ’æµ·,636,è¶ç™½,/user/profile/5f61c7a100000000010044df?channel_type=web_search_result_notes&parent_page_channel_type=web_profile_board,/explore/65d5767c000000000b021f21,/search_result/65d5767c000000000b021f21?xsec_token=ABwydJiFSnKTvsOnlvwDkz88V5VuyTSU7JEFdF0Lp750M=&xsec_source=pc_search,636,www.xiaohongshu.com/explore/65d5767c000000000b021f21
,1.8ä¸‡,Always popcorn,/user/profile/630d5aba000000000f00740f?channel_type=web_search_result_notes&parent_page_channel_type=web_profile_board,/explore/65d055a40000000007027a93,/search_result/65d055a40000000007027a93?xsec_token=ABsGkncUaCz6DJqpULDhpM-H5ZBeqpB_G1hVJkN5BOjzo=&xsec_source=pc_search,10000,www.xiaohongshu.com/explore/65d055a40000000007027a93
å¯æ€•çš„æ ¸æ±¡æ°´,148,æ €æ €ğŸ¥,/user/profile/64f89aa90000000004027322?channel_type=web_search_result_notes&parent_page_channel_type=web_profile_board,/explore/65cf076c000000000b01b84f,/search_result/65cf076c000000000b01b84f?xsec_token=ABXLxSKY-D4X7Z_pgY6cKYo2sWUih7onWVy2Vkif6ugKc=&xsec_source=pc_search,148,www.xiaohongshu.com/explore/65cf076c000000000b01b84f
æ ¸æ±¡æ°´é¢„è®¡äº”æœˆ29æ—¥åˆ°è¾¾å±±ä¸œ,1667,ææµ…,/user/profile/62e362fb000000001e01c99c?channel_type=web_search_result_notes&parent_page_channel_type=web_profile_board,/explore/65cd963c000000002d001dc9,/search_result/65cd963c000000002d001dc9?xsec_token=ABypQVokjoXYwA05kVEm0dx2WKfqdNIhMS98-WU7Sr9x4=&xsec_source=pc_search,1667,www.xiaohongshu.com/explore/65cd963c000000002d001dc9
ä¸è¦è®©æ ¸æ±¡æ°´çš„çƒ­åº¦ä¸‹å»,6413,æ±‰å ¡èœç‹—,/user/profile/62af4294000000001b027d34?channel_type=web_search_result_notes&parent_page_channel_type=web_profile_board,/explore/65cd7f8d000000000b015cdf,/search_result/65cd7f8d000000000b015cdf?xsec_token=ABypQVokjoXYwA05kVEm0dx9U9DnjKxW6evxMb4T4cp_k=&xsec_source=pc_search,6413,www.xiaohongshu.com/explore/65cd7f8d000000000b015cdf
æ—¥æœ¬äººæ„šæ˜§æ— çŸ¥,112,å¤§æ¥ åœ¨æ—¥æœ¬,/user/profile/5740f4cf50c4b43a96afcc6b?channel_type=web_search_result_notes&parent_page_channel_type=web_profile_board,/explore/65c8db37000000002d0008df,/search_result/65c8db37000000002d0008df?xsec_token=ABNUv6LBuvTxwYds5UTzmmm1Pv_tc2dBv6BG3Yq888MN8=&xsec_source=pc_search,112,www.xiaohongshu.com/explore/65c8db37000000002d0008df
æ€»ä¼šæœ‰äººç«™å‡ºæ¥ï¼,2384,æˆ‘æ˜¯æ¯’èˆŒå¦‡è¡Œäº†å§,/user/profile/64fb0caf00000000040263e7?channel_type=web_search_result_notes&parent_page_channel_type=web_profile_board,/explore/65c84a8a0000000011001f03,/search_result/65c84a8a0000000011001f03?xsec_token=ABNUv6LBuvTxwYds5UTzmmm8l_VSL7aigid7uUkeEBwbg=&xsec_source=pc_search,2384,www.xiaohongshu.com/explore/65c84a8a0000000011001f03
æ—¥æœ¬æ ¸æ±¡æ°´æœ€æ–°æ¶ˆæ¯ï¼ˆä¸æ˜¯åŸåˆ›ï¼‰,138,è“æµ·æ‹ç¥è®°ğŸ¦‹,/user/profile/630ecf7b00000000120034ac?channel_type=web_search_result_notes&parent_page_channel_type=web_profile_board,/explore/65c4dc0b000000002b03c839,/search_result/65c4dc0b000000002b03c839?xsec_token=ABPO4TxQuI_k959doOlW1ekozK82rsPyjf8Z7Bl8JJfZY=&xsec_source=pc_search,138,www.xiaohongshu.com/explore/65c4dc0b000000002b03c839
æ—¥æœ¬æ ¸æ±¡æ°´æ’æµ·æœ€æ–°æ¶ˆæ¯,23,å®‡å®™æ— æ•Œæš´é¾™æˆ˜ç¥ï¼ˆé»‘åŒ–ï¼‰,/user/profile/60cea2450000000020026e55?channel_type=web_search_result_notes&parent_page_channel_type=web_profile_board,/explore/65c3441c000000002c02b782,/search_result/65c3441c000000002c02b782?xsec_token=ABFC0GHCJpgoT1CROXILmpxYa78PceblL0ZICIGvKiSvc=&xsec_source=pc_search,23,www.xiaohongshu.com/explore/65c3441c000000002c02b782
,436,ä¾ä»™å¦‚æ¢¦,/user/profile/6574695f000000002002ced8?channel_type=web_search_result_notes&parent_page_channel_type=web_profile_board,/explore/65c31706000000001100e923,/search_result/65c31706000000001100e923?xsec_token=ABFC0GHCJpgoT1CROXILmpxfiCOe0_s_ef62PBExi5MzQ=&xsec_source=pc_search,436,www.xiaohongshu.com/explore/65c31706000000001100e923
æ—¥æœ¬æ’æ”¾æ ¸æ±¡æ°´æœ€æ–°æ¶ˆæ¯è¿™ä¸ªè§†é¢‘åšäº†æˆ‘3å°,461,loveé»âœ¨.,/user/profile/63d1493b00000000260079a9?channel_type=web_search_result_notes&parent_page_channel_type=web_profile_board,/explore/65c0de59000000002c0378a2,/search_result/65c0de59000000002c0378a2?xsec_token=AB477Dnu8zb5PRMcTqd7UwqKE7ZViJ1N3LU--OPRCvhfM=&xsec_source=pc_search,461,www.xiaohongshu.com/explore/65c0de59000000002c0378a2
ä¸‡ä¸€ä»–å°±ç¼ºæˆ‘è¿™ç‚¹çƒ­åº¦å‘¢ï¼Ÿ,3581,æ²¡äº‹ç¡å¤§è§‰,/user/profile/5cd685a80000000016036df2?channel_type=web_search_result_notes&parent_page_channel_type=web_profile_board,/explore/65c0cff100000000020111dc,/search_result/65c0cff100000000020111dc?xsec_token=AB477Dnu8zb5PRMcTqd7UwqPVcdxs_zjPZOyQHN_dJvug=&xsec_source=pc_search,3581,www.xiaohongshu.com/explore/65c0cff100000000020111dc
æ—¥æœ¬æ ¸æ±¡æ°´æ²¡çƒ­åº¦äº†ä¹ˆï¼Œä¸åšå†·æ¼ çœ‹å®¢,2.8ä¸‡,ä»Šå¤©æ²¡è¢«æ°”å“­,/user/profile/63f95cd8000000000f011187?channel_type=web_search_result_notes&parent_page_channel_type=web_profile_board,/explore/65bc3910000000002c03a960,/search_result/65bc3910000000002c03a960?xsec_token=ABo6-HhqpfeWsKNJ5w_7Sf34dV_t1EunD3QEViO9RlwO8=&xsec_source=pc_search,20000,www.xiaohongshu.com/explore/65bc3910000000002c03a960
æ—¥æœ¬æ’æ”¾æ ¸æ±¡æ°´æœ€æ–°æ¶ˆæ¯,5,çˆ±é¥­å›°çš„ç–æœˆ,/user/profile/5f2f77110000000001009ec2?channel_type=web_search_result_notes&parent_page_channel_type=web_profile_board,/explore/65baf8eb000000000c0044d0,/search_result/65baf8eb000000000c0044d0?xsec_token=ABaX45onwB_8Qk8oOblrniIQZu1qdWnBkEcucT3P7hWMk=&xsec_source=pc_search,5,www.xiaohongshu.com/explore/65baf8eb000000000c0044d0
æ—¥æœ¬æ’æ”¾æ ¸æ±¡æ°´,1186,å•Šï¼ä¸Šå¸ï¼,/user/profile/617d477800000000020249ef?channel_type=web_search_result_notes&parent_page_channel_type=web_profile_board,/explore/65ba230f000000000702aa9e,/search_result/65ba230f000000000702aa9e?xsec_token=ABaX45onwB_8Qk8oOblrniIathF0_yj1uG3r4sFNEQ8U0=&xsec_source=pc_search,1186,www.xiaohongshu.com/explore/65ba230f000000000702aa9e
